genus_name,scientific_name,family_name,order_name,class_name,phylum_name,kingdom_name,infra_name,population,category
Aaadonta,Aaadonta angaurana,ENDODONTIDAE,STYLOMMATOPHORA,GASTROPODA,MOLLUSCA,ANIMALIA,,,CR
Aaadonta,Aaadonta constricta,ENDODONTIDAE,STYLOMMATOPHORA,GASTROPODA,MOLLUSCA,ANIMALIA,,,EN
Aaadonta,Aaadonta fuscozonata,ENDODONTIDAE,STYLOMMATOPHORA,GASTROPODA,MOLLUSCA,ANIMALIA,,,EN
Aaadonta,Aaadonta irregularis,ENDODONTIDAE,STYLOMMATOPHORA,GASTROPODA,MOLLUSCA,ANIMALIA,,,CR
Aaadonta,Aaadonta kinlochi,ENDODONTIDAE,STYLOMMATOPHORA,GASTROPODA,MOLLUSCA,ANIMALIA,,,CR
Aaadonta,Aaadonta pelewana,ENDODONTIDAE,STYLOMMATOPHORA,GASTROPODA,MOLLUSCA,ANIMALIA,,,CR
Aaptosyax,Aaptosyax grypus,CYPRINIDAE,CYPRINIFORMES,ACTINOPTERYGII,CHORDATA,ANIMALIA,,,CR
Abrocoma,Abrocoma boliviensis,ABROCOMIDAE,RODENTIA,MAMMALIA,CHORDATA,ANIMALIA,,,CR
Abronia,Abronia montecristoi,ANGUIDAE,SQUAMATA,REPTILIA,CHORDATA,ANIMALIA,,,EN
Acanthaeschna,Acanthaeschna victoria,AESHNIDAE,ODONATA,INSECTA,ARTHROPODA,ANIMALIA,,,EN
Acanthinula,Acanthinula spinifera,VALLONIIDAE,STYLOMMATOPHORA,GASTROPODA,MOLLUSCA,ANIMALIA,,,DD
Mirogrex,Mirogrex hulensis,CYPRINIDAE,CYPRINIFORMES,ACTINOPTERYGII,CHORDATA,ANIMALIA,,,EX
Acanthochelys,Acanthochelys macrocephala,CHELIDAE,TESTUDINES,REPTILIA,CHORDATA,ANIMALIA,,,LR/nt
Acanthochelys,Acanthochelys pallidipectoris,CHELIDAE,TESTUDINES,REPTILIA,CHORDATA,ANIMALIA,,,EN
Acanthochelys,Acanthochelys spixii,CHELIDAE,TESTUDINES,REPTILIA,CHORDATA,ANIMALIA,,,LR/nt
Acanthochelys,Acanthochelys radiolata,CHELIDAE,TESTUDINES,REPTILIA,CHORDATA,ANIMALIA,,,LR/nt
Acanthocobitis,Acanthocobitis urophthalmus,BALITORIDAE,CYPRINIFORMES,ACTINOPTERYGII,CHORDATA,ANIMALIA,,,LR/cd
Acanthocyclops,Acanthocyclops hypogeus,CYCLOPIDAE,CYCLOPOIDA,MAXILLOPODA,ARTHROPODA,ANIMALIA,,,VU
Salmo,Salmo ohridanus,SALMONIDAE,SALMONIFORMES,ACTINOPTERYGII,CHORDATA,ANIMALIA,,,VU
Acanthametropus,Acanthametropus pecatonica,ACANTHAMETROPODIDAE,EPHEMEROPTERA,INSECTA,ARTHROPODA,ANIMALIA,,,EX
Acanthomyops,Acanthomyops latipes,FORMICIDAE,HYMENOPTERA,INSECTA,ARTHROPODA,ANIMALIA,,,VU
Acerodon,Acerodon celebensis,PTEROPODIDAE,CHIROPTERA,MAMMALIA,CHORDATA,ANIMALIA,,,VU
Acerodon,Acerodon humilis,PTEROPODIDAE,CHIROPTERA,MAMMALIA,CHORDATA,ANIMALIA,,,EN
Acerodon,Acerodon jubatus,PTEROPODIDAE,CHIROPTERA,MAMMALIA,CHORDATA,ANIMALIA,,,EN
Acerodon,Acerodon leucotis,PTEROPODIDAE,CHIROPTERA,MAMMALIA,CHORDATA,ANIMALIA,,,VU
Acerodon,Acerodon mackloti,PTEROPODIDAE,CHIROPTERA,MAMMALIA,CHORDATA,ANIMALIA,,,VU
Achalinus,Achalinus werneri,XENODERMATIDAE,SQUAMATA,REPTILIA,CHORDATA,ANIMALIA,,,NT
Achatina,Achatina vignoniana,ACHATINIDAE,STYLOMMATOPHORA,GASTROPODA,MOLLUSCA,ANIMALIA,,,DD
Achatinella,Achatinella abbreviata,ACHATINELLIDAE,STYLOMMATOPHORA,GASTROPODA,MOLLUSCA,ANIMALIA,,,EX
Achatinella,Achatinella apexfulva,ACHATINELLIDAE,STYLOMMATOPHORA,GASTROPODA,MOLLUSCA,ANIMALIA,,,CR
Achatinella,Achatinella bellula,ACHATINELLIDAE,STYLOMMATOPHORA,GASTROPODA,MOLLUSCA,ANIMALIA,,,CR
Achatinella,Achatinella buddii,ACHATINELLIDAE,STYLOMMATOPHORA,GASTROPODA,MOLLUSCA,ANIMALIA,,,EX
Achatinella,Achatinella bulimoides,ACHATINELLIDAE,STYLOMMATOPHORA,GASTROPODA,MOLLUSCA,ANIMALIA,,,CR
Achatinella,Achatinella byronii,ACHATINELLIDAE,STYLOMMATOPHORA,GASTROPODA,MOLLUSCA,ANIMALIA,,,CR
Achatinella,Achatinella caesia,ACHATINELLIDAE,STYLOMMATOPHORA,GASTROPODA,MOLLUSCA,ANIMALIA,,,EX
Achatinella,Achatinella casta,ACHATINELLIDAE,STYLOMMATOPHORA,GASTROPODA,MOLLUSCA,ANIMALIA,,,EX
Achatinella,Achatinella cestus,ACHATINELLIDAE,STYLOMMATOPHORA,GASTROPODA,MOLLUSCA,ANIMALIA,,,CR
Achatinella,Achatinella concavospira,ACHATINELLIDAE,STYLOMMATOPHORA,GASTROPODA,MOLLUSCA,ANIMALIA,,,CR
Achatinella,Achatinella curta,ACHATINELLIDAE,STYLOMMATOPHORA,GASTROPODA,MOLLUSCA,ANIMALIA,,,CR
Achatinella,Achatinella decipiens,ACHATINELLIDAE,STYLOMMATOPHORA,GASTROPODA,MOLLUSCA,ANIMALIA,,,CR
Achatinella,Achatinella decora,ACHATINELLIDAE,STYLOMMATOPHORA,GASTROPODA,MOLLUSCA,ANIMALIA,,,EX
Achatinella,Achatinella dimorpha,ACHATINELLIDAE,STYLOMMATOPHORA,GASTROPODA,MOLLUSCA,ANIMALIA,,,EX
Achatinella,Achatinella elegans,ACHATINELLIDAE,STYLOMMATOPHORA,GASTROPODA,MOLLUSCA,ANIMALIA,,,EX
Achatinella,Achatinella fulgens,ACHATINELLIDAE,STYLOMMATOPHORA,GASTROPODA,MOLLUSCA,ANIMALIA,,,CR
Achatinella,Achatinella fuscobasis,ACHATINELLIDAE,STYLOMMATOPHORA,GASTROPODA,MOLLUSCA,ANIMALIA,,,CR
Achatinella,Achatinella juddii,ACHATINELLIDAE,STYLOMMATOPHORA,GASTROPODA,MOLLUSCA,ANIMALIA,,,EX
Achatinella,Achatinella juncea,ACHATINELLIDAE,STYLOMMATOPHORA,GASTROPODA,MOLLUSCA,ANIMALIA,,,EX
Achatinella,Achatinella lehuiensis,ACHATINELLIDAE,STYLOMMATOPHORA,GASTROPODA,MOLLUSCA,ANIMALIA,,,EX
Achatinella,Achatinella lila,ACHATINELLIDAE,STYLOMMATOPHORA,GASTROPODA,MOLLUSCA,ANIMALIA,,,CR
Achatinella,Achatinella livida,ACHATINELLIDAE,STYLOMMATOPHORA,GASTROPODA,MOLLUSCA,ANIMALIA,,,EX
Achatinella,Achatinella lorata,ACHATINELLIDAE,STYLOMMATOPHORA,GASTROPODA,MOLLUSCA,ANIMALIA,,,CR
Achatinella,Achatinella mustelina,ACHATINELLIDAE,STYLOMMATOPHORA,GASTROPODA,MOLLUSCA,ANIMALIA,,,CR
Achatinella,Achatinella papyracea,ACHATINELLIDAE,STYLOMMATOPHORA,GASTROPODA,MOLLUSCA,ANIMALIA,,,EX
Achatinella,Achatinella phaeozona,ACHATINELLIDAE,STYLOMMATOPHORA,GASTROPODA,MOLLUSCA,ANIMALIA,,,CR
Achatinella,Achatinella pulcherrima,ACHATINELLIDAE,STYLOMMATOPHORA,GASTROPODA,MOLLUSCA,ANIMALIA,,,CR
Achatinella,Achatinella pupukanioe,ACHATINELLIDAE,STYLOMMATOPHORA,GASTROPODA,MOLLUSCA,ANIMALIA,,,CR
Achatinella,Achatinella sowerbyana,ACHATINELLIDAE,STYLOMMATOPHORA,GASTROPODA,MOLLUSCA,ANIMALIA,,,CR
Achatinella,Achatinella spaldingi,ACHATINELLIDAE,STYLOMMATOPHORA,GASTROPODA,MOLLUSCA,ANIMALIA,,,EX
Achatinella,Achatinella stewartii,ACHATINELLIDAE,STYLOMMATOPHORA,GASTROPODA,MOLLUSCA,ANIMALIA,,,CR
Achatinella,Achatinella swiftii,ACHATINELLIDAE,STYLOMMATOPHORA,GASTROPODA,MOLLUSCA,ANIMALIA,,,CR
Achatinella,Achatinella taeniolata,ACHATINELLIDAE,STYLOMMATOPHORA,GASTROPODA,MOLLUSCA,ANIMALIA,,,CR
Achatinella,Achatinella thaanumi,ACHATINELLIDAE,STYLOMMATOPHORA,GASTROPODA,MOLLUSCA,ANIMALIA,,,EX
Achatinella,Achatinella turgida,ACHATINELLIDAE,STYLOMMATOPHORA,GASTROPODA,MOLLUSCA,ANIMALIA,,,CR
Achatinella,Achatinella valida,ACHATINELLIDAE,STYLOMMATOPHORA,GASTROPODA,MOLLUSCA,ANIMALIA,,,EX
Achatinella,Achatinella viridans,ACHATINELLIDAE,STYLOMMATOPHORA,GASTROPODA,MOLLUSCA,ANIMALIA,,,CR
Achatinella,Achatinella vulpina,ACHATINELLIDAE,STYLOMMATOPHORA,GASTROPODA,MOLLUSCA,ANIMALIA,,,CR
Achatinella,Achatinella leucorrhaphe,ACHATINELLIDAE,STYLOMMATOPHORA,GASTROPODA,MOLLUSCA,ANIMALIA,,,CR
Achatinella,Achatinella bulimoides ssp. rosea,ACHATINELLIDAE,STYLOMMATOPHORA,GASTROPODA,MOLLUSCA,ANIMALIA,rosea,,EX
Achatinella,Achatinella apexfulva ssp. vittata,ACHATINELLIDAE,STYLOMMATOPHORA,GASTROPODA,MOLLUSCA,ANIMALIA,vittata,,EX
Acheilognathus,Acheilognathus elongatus,CYPRINIDAE,CYPRINIFORMES,ACTINOPTERYGII,CHORDATA,ANIMALIA,,,CR
Acheilognathus,Acheilognathus longipinnis,CYPRINIDAE,CYPRINIFORMES,ACTINOPTERYGII,CHORDATA,ANIMALIA,,,VU
Aciagrion,Aciagrion rarum,COENAGRIONIDAE,ODONATA,INSECTA,ARTHROPODA,ANIMALIA,,,DD
Acicula,Acicula norrisi,ACICULIDAE,ARCHITAENIOGLOSSA,GASTROPODA,MOLLUSCA,ANIMALIA,,,VU
Acicula,Acicula palaestinensis,ACICULIDAE,ARCHITAENIOGLOSSA,GASTROPODA,MOLLUSCA,ANIMALIA,,,VU
Acicula,Acicula hausdorfi,ACICULIDAE,ARCHITAENIOGLOSSA,GASTROPODA,MOLLUSCA,ANIMALIA,,,NT
Acilius,Acilius duvergeri,DYTISCIDAE,COLEOPTERA,INSECTA,ARTHROPODA,ANIMALIA,,,VU
Acinonyx,Acinonyx jubatus,FELIDAE,CARNIVORA,MAMMALIA,CHORDATA,ANIMALIA,,,VU
Acinonyx,Acinonyx jubatus ssp. venaticus,FELIDAE,CARNIVORA,MAMMALIA,CHORDATA,ANIMALIA,venaticus,,CR
Acinonyx,Acinonyx jubatus ssp. hecki,FELIDAE,CARNIVORA,MAMMALIA,CHORDATA,ANIMALIA,hecki,,CR
Acipenser,Acipenser brevirostrum,ACIPENSERIDAE,ACIPENSERIFORMES,ACTINOPTERYGII,CHORDATA,ANIMALIA,,,VU
Acipenser,Acipenser fulvescens,ACIPENSERIDAE,ACIPENSERIFORMES,ACTINOPTERYGII,CHORDATA,ANIMALIA,,,LC
Acipenser,Acipenser naccarii,ACIPENSERIDAE,ACIPENSERIFORMES,ACTINOPTERYGII,CHORDATA,ANIMALIA,,,CR
Acipenser,Acipenser nudiventris,ACIPENSERIDAE,ACIPENSERIFORMES,ACTINOPTERYGII,CHORDATA,ANIMALIA,,,CR
Acipenser,Acipenser ruthenus,ACIPENSERIDAE,ACIPENSERIFORMES,ACTINOPTERYGII,CHORDATA,ANIMALIA,,,VU
Acipenser,Acipenser schrenckii,ACIPENSERIDAE,ACIPENSERIFORMES,ACTINOPTERYGII,CHORDATA,ANIMALIA,,,CR
Acipenser,Acipenser stellatus,ACIPENSERIDAE,ACIPENSERIFORMES,ACTINOPTERYGII,CHORDATA,ANIMALIA,,,CR
Acipenser,Acipenser sturio,ACIPENSERIDAE,ACIPENSERIFORMES,ACTINOPTERYGII,CHORDATA,ANIMALIA,,,CR
Acipenser,Acipenser dabryanus,ACIPENSERIDAE,ACIPENSERIFORMES,ACTINOPTERYGII,CHORDATA,ANIMALIA,,,CR
Acipenser,Acipenser gueldenstaedtii,ACIPENSERIDAE,ACIPENSERIFORMES,ACTINOPTERYGII,CHORDATA,ANIMALIA,,,CR
Acipenser,Acipenser medirostris,ACIPENSERIDAE,ACIPENSERIFORMES,ACTINOPTERYGII,CHORDATA,ANIMALIA,,,NT
Acipenser,Acipenser transmontanus,ACIPENSERIDAE,ACIPENSERIFORMES,ACTINOPTERYGII,CHORDATA,ANIMALIA,,,LC
Acipenser,Acipenser persicus,ACIPENSERIDAE,ACIPENSERIFORMES,ACTINOPTERYGII,CHORDATA,ANIMALIA,,,CR
Acipenser,Acipenser sinensis,ACIPENSERIDAE,ACIPENSERIFORMES,ACTINOPTERYGII,CHORDATA,ANIMALIA,,,CR
Acipenser,Acipenser mikadoi,ACIPENSERIDAE,ACIPENSERIFORMES,ACTINOPTERYGII,CHORDATA,ANIMALIA,,,CR
Acipenser,Acipenser oxyrinchus ssp. desotoi,ACIPENSERIDAE,ACIPENSERIFORMES,ACTINOPTERYGII,CHORDATA,ANIMALIA,desotoi,,VU
Acipenser,Acipenser oxyrinchus ssp. oxyrinchus,ACIPENSERIDAE,ACIPENSERIFORMES,ACTINOPTERYGII,CHORDATA,ANIMALIA,oxyrinchus,,NT
Acipenser,Acipenser baerii,ACIPENSERIDAE,ACIPENSERIFORMES,ACTINOPTERYGII,CHORDATA,ANIMALIA,,,EN
Acipenser,Acipenser oxyrinchus,ACIPENSERIDAE,ACIPENSERIFORMES,ACTINOPTERYGII,CHORDATA,ANIMALIA,,,NT
Acipenser,Acipenser nudiventris,ACIPENSERIDAE,ACIPENSERIFORMES,ACTINOPTERYGII,CHORDATA,ANIMALIA,,Aral Sea stock,EX
Acipenser,Acipenser transmontanus,ACIPENSERIDAE,ACIPENSERIFORMES,ACTINOPTERYGII,CHORDATA,ANIMALIA,,Kootenai River subpopulation,EN
Acomys,Acomys cahirinus,MURIDAE,RODENTIA,MAMMALIA,CHORDATA,ANIMALIA,,,LC
Acomys,Acomys cilicicus,MURIDAE,RODENTIA,MAMMALIA,CHORDATA,ANIMALIA,,,DD
Acomys,Acomys cineraceus,MURIDAE,RODENTIA,MAMMALIA,CHORDATA,ANIMALIA,,,LC
Acomys,Acomys ignitus,MURIDAE,RODENTIA,MAMMALIA,CHORDATA,ANIMALIA,,,LC
Acomys,Acomys kempi,MURIDAE,RODENTIA,MAMMALIA,CHORDATA,ANIMALIA,,,LC
Acomys,Acomys louisae,MURIDAE,RODENTIA,MAMMALIA,CHORDATA,ANIMALIA,,,LC
Acomys,Acomys minous,MURIDAE,RODENTIA,MAMMALIA,CHORDATA,ANIMALIA,,,DD
Acomys,Acomys mullah,MURIDAE,RODENTIA,MAMMALIA,CHORDATA,ANIMALIA,,,LC
Acomys,Acomys nesiotes,MURIDAE,RODENTIA,MAMMALIA,CHORDATA,ANIMALIA,,,DD
Acomys,Acomys percivali,MURIDAE,RODENTIA,MAMMALIA,CHORDATA,ANIMALIA,,,LC
Acomys,Acomys russatus,MURIDAE,RODENTIA,MAMMALIA,CHORDATA,ANIMALIA,,,LC
Acomys,Acomys subspinosus,MURIDAE,RODENTIA,MAMMALIA,CHORDATA,ANIMALIA,,,LC
Acomys,Acomys wilsoni,MURIDAE,RODENTIA,MAMMALIA,CHORDATA,ANIMALIA,,,LC
Aconaemys,Aconaemys fuscus,OCTODONTIDAE,RODENTIA,MAMMALIA,CHORDATA,ANIMALIA,,,LC
Aconaemys,Aconaemys sagei,OCTODONTIDAE,RODENTIA,MAMMALIA,CHORDATA,ANIMALIA,,,DD
Acrantophis,Acrantophis dumerili,BOIDAE,SQUAMATA,REPTILIA,CHORDATA,ANIMALIA,,,LC
Acrantophis,Acrantophis madagascariensis,BOIDAE,SQUAMATA,REPTILIA,CHORDATA,ANIMALIA,,,LC
Acrodipsas,Acrodipsas illidgei,LYCAENIDAE,LEPIDOPTERA,INSECTA,ARTHROPODA,ANIMALIA,,,EN
Acrolophitus,Acrolophitus pulchellus,ACRIDIDAE,ORTHOPTERA,INSECTA,ARTHROPODA,ANIMALIA,,,VU
Acroloxus,Acroloxus coloradensis,ACROLOXIDAE,HYGROPHILA,GASTROPODA,MOLLUSCA,ANIMALIA,,,NT
Actinella,Actinella actinophora,HYGROMIIDAE,STYLOMMATOPHORA,GASTROPODA,MOLLUSCA,ANIMALIA,,,VU
Actinella,Actinella anaglyptica,HYGROMIIDAE,STYLOMMATOPHORA,GASTROPODA,MOLLUSCA,ANIMALIA,,,NT
Actinella,Actinella armitageana,HYGROMIIDAE,STYLOMMATOPHORA,GASTROPODA,MOLLUSCA,ANIMALIA,,,VU
Actinella,Actinella carinofausta,HYGROMIIDAE,STYLOMMATOPHORA,GASTROPODA,MOLLUSCA,ANIMALIA,,,EN
Actinella,Actinella littorinella,HYGROMIIDAE,STYLOMMATOPHORA,GASTROPODA,MOLLUSCA,ANIMALIA,,,VU
Actinella,Actinella fausta,HYGROMIIDAE,STYLOMMATOPHORA,GASTROPODA,MOLLUSCA,ANIMALIA,,,LC
Actinella,Actinella giramica,HYGROMIIDAE,STYLOMMATOPHORA,GASTROPODA,MOLLUSCA,ANIMALIA,,,VU
Actinella,Actinella laciniosa,HYGROMIIDAE,STYLOMMATOPHORA,GASTROPODA,MOLLUSCA,ANIMALIA,,,VU
Actinella,Actinella obserata,HYGROMIIDAE,STYLOMMATOPHORA,GASTROPODA,MOLLUSCA,ANIMALIA,,,CR
Actinella,Actinella robusta,HYGROMIIDAE,STYLOMMATOPHORA,GASTROPODA,MOLLUSCA,ANIMALIA,,,DD
Actinonaias,Actinonaias pectorosa,UNIONIDAE,UNIONOIDA,BIVALVIA,MOLLUSCA,ANIMALIA,,,LR/nt
Addax,Addax nasomaculatus,BOVIDAE,CETARTIODACTYLA,MAMMALIA,CHORDATA,ANIMALIA,,,CR
Adelocosa,Adelocosa anops,LYCOSIDAE,ARANEAE,ARACHNIDA,ARTHROPODA,ANIMALIA,,,EN
Adelopoma,Adelopoma stolli,CYCLOPHORIDAE,ARCHITAENIOGLOSSA,GASTROPODA,MOLLUSCA,ANIMALIA,,,EN
Adelotus,Adelotus brevis,LIMNODYNASTIDAE,ANURA,AMPHIBIA,CHORDATA,ANIMALIA,,,NT
Adelphicos,Adelphicos daryi,DIPSADIDAE,SQUAMATA,REPTILIA,CHORDATA,ANIMALIA,,,EN
Adetomyrma,Adetomyrma venatrix,FORMICIDAE,HYMENOPTERA,INSECTA,ARTHROPODA,ANIMALIA,,,CR
Adrianichthys,Adrianichthys kruyti,ADRIANICHTHYIDAE,BELONIFORMES,ACTINOPTERYGII,CHORDATA,ANIMALIA,,,CR
Advena,Advena campbelli,HELICARIONIDAE,STYLOMMATOPHORA,GASTROPODA,MOLLUSCA,ANIMALIA,,,EX
Advena,Advena charon,HELICARIONIDAE,STYLOMMATOPHORA,GASTROPODA,MOLLUSCA,ANIMALIA,,,EN
Aegialia,Aegialia concinna,SCARABAEIDAE,COLEOPTERA,INSECTA,ARTHROPODA,ANIMALIA,,,VU
Aegialia,Aegialia crescenta,SCARABAEIDAE,COLEOPTERA,INSECTA,ARTHROPODA,ANIMALIA,,,VU
Aegista,Aegista inexpectata,BRADYBAENIDAE,STYLOMMATOPHORA,GASTROPODA,MOLLUSCA,ANIMALIA,,,DD
Aegista,Aegista intonsa,BRADYBAENIDAE,STYLOMMATOPHORA,GASTROPODA,MOLLUSCA,ANIMALIA,,,DD
Handleyomys,Handleyomys fuscatus,CRICETIDAE,RODENTIA,MAMMALIA,CHORDATA,ANIMALIA,,,LC
Aepeomys,Aepeomys lugens,CRICETIDAE,RODENTIA,MAMMALIA,CHORDATA,ANIMALIA,,,LC
Aepyceros,Aepyceros melampus ssp. petersi,BOVIDAE,CETARTIODACTYLA,MAMMALIA,CHORDATA,ANIMALIA,petersi,,VU
Aepyceros,Aepyceros melampus,BOVIDAE,CETARTIODACTYLA,MAMMALIA,CHORDATA,ANIMALIA,,,LC
Aeretes,Aeretes melanopterus,SCIURIDAE,RODENTIA,MAMMALIA,CHORDATA,ANIMALIA,,,NT
Aeromys,Aeromys tephromelas,SCIURIDAE,RODENTIA,MAMMALIA,CHORDATA,ANIMALIA,,,DD
Aeromys,Aeromys thomasi,SCIURIDAE,RODENTIA,MAMMALIA,CHORDATA,ANIMALIA,,,LC
Pinheyschna,Pinheyschna meruensis,AESHNIDAE,ODONATA,INSECTA,ARTHROPODA,ANIMALIA,,,LC
Aeshna,Aeshna persephone,AESHNIDAE,ODONATA,INSECTA,ARTHROPODA,ANIMALIA,,,LC
Aeshna,Aeshna viridis,AESHNIDAE,ODONATA,INSECTA,ARTHROPODA,ANIMALIA,,,LC
Aeshna,Aeshna williamsoniana,AESHNIDAE,ODONATA,INSECTA,ARTHROPODA,ANIMALIA,,,DD
Aethalops,Aethalops alecto,PTEROPODIDAE,CHIROPTERA,MAMMALIA,CHORDATA,ANIMALIA,,,LC
Aethomys,Aethomys silindensis,MURIDAE,RODENTIA,MAMMALIA,CHORDATA,ANIMALIA,,,DD
Aethomys,Aethomys bocagei,MURIDAE,RODENTIA,MAMMALIA,CHORDATA,ANIMALIA,,,LC
Aethomys,Aethomys chrysophilus,MURIDAE,RODENTIA,MAMMALIA,CHORDATA,ANIMALIA,,,LC
Micaelamys,Micaelamys granti,MURIDAE,RODENTIA,MAMMALIA,CHORDATA,ANIMALIA,,,LC
Aethomys,Aethomys hindei,MURIDAE,RODENTIA,MAMMALIA,CHORDATA,ANIMALIA,,,LC
Aethomys,Aethomys kaiseri,MURIDAE,RODENTIA,MAMMALIA,CHORDATA,ANIMALIA,,,LC
Micaelamys,Micaelamys namaquensis,MURIDAE,RODENTIA,MAMMALIA,CHORDATA,ANIMALIA,,,LC
Aethomys,Aethomys nyikae,MURIDAE,RODENTIA,MAMMALIA,CHORDATA,ANIMALIA,,,LC
Aethomys,Aethomys stannarius,MURIDAE,RODENTIA,MAMMALIA,CHORDATA,ANIMALIA,,,DD
Aethomys,Aethomys thomasi,MURIDAE,RODENTIA,MAMMALIA,CHORDATA,ANIMALIA,,,LC
Afrithelphusa,Afrithelphusa leonensis,POTAMONAUTIDAE,DECAPODA,MALACOSTRACA,ARTHROPODA,ANIMALIA,,,DD
Afrithelphusa,Afrithelphusa gerhildae,POTAMONAUTIDAE,DECAPODA,MALACOSTRACA,ARTHROPODA,ANIMALIA,,,DD
Afrithelphusa,Afrithelphusa afzelii,POTAMONAUTIDAE,DECAPODA,MALACOSTRACA,ARTHROPODA,ANIMALIA,,,DD
Afrithelphusa,Afrithelphusa monodosa,POTAMONAUTIDAE,DECAPODA,MALACOSTRACA,ARTHROPODA,ANIMALIA,,,EN
Afrixalus,Afrixalus aureus,HYPEROLIIDAE,ANURA,AMPHIBIA,CHORDATA,ANIMALIA,,,LC
Afrocyclops,Afrocyclops pauliani,CYCLOPIDAE,CYCLOPOIDA,MAXILLOPODA,ARTHROPODA,ANIMALIA,,,EX
Afroedura,Afroedura hawequensis,GEKKONIDAE,SQUAMATA,REPTILIA,CHORDATA,ANIMALIA,,,NT
Africanogyrus,Africanogyrus rodriguezensis,PLANORBIDAE,HYGROPHILA,GASTROPODA,MOLLUSCA,ANIMALIA,,,VU
Africanogyrus,Africanogyrus starmuehlneri,PLANORBIDAE,HYGROPHILA,GASTROPODA,MOLLUSCA,ANIMALIA,,,EN
Agabus,Agabus clypealis,DYTISCIDAE,COLEOPTERA,INSECTA,ARTHROPODA,ANIMALIA,,,EN
Agabus,Agabus discicollis,DYTISCIDAE,COLEOPTERA,INSECTA,ARTHROPODA,ANIMALIA,,,EN
Agabus,Agabus hozgargantae,DYTISCIDAE,COLEOPTERA,INSECTA,ARTHROPODA,ANIMALIA,,,EN
Agathothoma,Agathothoma finalis,TURRIDAE,NEOGASTROPODA,GASTROPODA,MOLLUSCA,ANIMALIA,,,DD
Aglaodiaptomus,Aglaodiaptomus kingsburyae,DIAPTOMIDAE,CALANOIDA,MAXILLOPODA,ARTHROPODA,ANIMALIA,,,VU
Aglaodiaptomus,Aglaodiaptomus marshianus,DIAPTOMIDAE,CALANOIDA,MAXILLOPODA,ARTHROPODA,ANIMALIA,,,VU
Agonostomus,Agonostomus telfairii,MUGILIDAE,MUGILIFORMES,ACTINOPTERYGII,CHORDATA,ANIMALIA,,,LC
Cuniculus,Cuniculus paca,CUNICULIDAE,RODENTIA,MAMMALIA,CHORDATA,ANIMALIA,,,LC
Cuniculus,Cuniculus taczanowskii,CUNICULIDAE,RODENTIA,MAMMALIA,CHORDATA,ANIMALIA,,,NT
Plebejus,Plebejus zullichi,LYCAENIDAE,LEPIDOPTERA,INSECTA,ARTHROPODA,ANIMALIA,,,EN
Agrotis,Agrotis crinigera,NOCTUIDAE,LEPIDOPTERA,INSECTA,ARTHROPODA,ANIMALIA,,,EX
Agrotis,Agrotis fasciata,NOCTUIDAE,LEPIDOPTERA,INSECTA,ARTHROPODA,ANIMALIA,,,EX
Agrotis,Agrotis kerri,NOCTUIDAE,LEPIDOPTERA,INSECTA,ARTHROPODA,ANIMALIA,,,EX
Agrotis,Agrotis laysanensis,NOCTUIDAE,LEPIDOPTERA,INSECTA,ARTHROPODA,ANIMALIA,,,EX
Agrotis,Agrotis photophila,NOCTUIDAE,LEPIDOPTERA,INSECTA,ARTHROPODA,ANIMALIA,,,EX
Agrotis,Agrotis procellaris,NOCTUIDAE,LEPIDOPTERA,INSECTA,ARTHROPODA,ANIMALIA,,,EX
Ailuropoda,Ailuropoda melanoleuca,URSIDAE,CARNIVORA,MAMMALIA,CHORDATA,ANIMALIA,,,VU
Ailurus,Ailurus fulgens,AILURIDAE,CARNIVORA,MAMMALIA,CHORDATA,ANIMALIA,,,EN
Akodon,Akodon aerosus,CRICETIDAE,RODENTIA,MAMMALIA,CHORDATA,ANIMALIA,,,LC
Akodon,Akodon affinis,CRICETIDAE,RODENTIA,MAMMALIA,CHORDATA,ANIMALIA,,,LC
Akodon,Akodon albiventer,CRICETIDAE,RODENTIA,MAMMALIA,CHORDATA,ANIMALIA,,,LC
Akodon,Akodon azarae,CRICETIDAE,RODENTIA,MAMMALIA,CHORDATA,ANIMALIA,,,LC
Neomicroxus,Neomicroxus bogotensis,CRICETIDAE,RODENTIA,MAMMALIA,CHORDATA,ANIMALIA,,,LC
Akodon,Akodon boliviensis,CRICETIDAE,RODENTIA,MAMMALIA,CHORDATA,ANIMALIA,,,LC
Akodon,Akodon budini,CRICETIDAE,RODENTIA,MAMMALIA,CHORDATA,ANIMALIA,,,LC
Akodon,Akodon cursor,CRICETIDAE,RODENTIA,MAMMALIA,CHORDATA,ANIMALIA,,,LC
Akodon,Akodon dayi,CRICETIDAE,RODENTIA,MAMMALIA,CHORDATA,ANIMALIA,,,LC
Akodon,Akodon fumeus,CRICETIDAE,RODENTIA,MAMMALIA,CHORDATA,ANIMALIA,,,LC
Abrothrix,Abrothrix illutea,CRICETIDAE,RODENTIA,MAMMALIA,CHORDATA,ANIMALIA,,,LC
Akodon,Akodon iniscatus,CRICETIDAE,RODENTIA,MAMMALIA,CHORDATA,ANIMALIA,,,LC
Akodon,Akodon juninensis,CRICETIDAE,RODENTIA,MAMMALIA,CHORDATA,ANIMALIA,,,LC
Deltamys,Deltamys kempi,CRICETIDAE,RODENTIA,MAMMALIA,CHORDATA,ANIMALIA,,,LC
Akodon,Akodon kofordi,CRICETIDAE,RODENTIA,MAMMALIA,CHORDATA,ANIMALIA,,,LC
Abrothrix,Abrothrix lanosus,CRICETIDAE,RODENTIA,MAMMALIA,CHORDATA,ANIMALIA,,,LC
Neomicroxus,Neomicroxus latebricola,CRICETIDAE,RODENTIA,MAMMALIA,CHORDATA,ANIMALIA,,,VU
Akodon,Akodon lindberghi,CRICETIDAE,RODENTIA,MAMMALIA,CHORDATA,ANIMALIA,,,DD
Abrothrix,Abrothrix longipilis,CRICETIDAE,RODENTIA,MAMMALIA,CHORDATA,ANIMALIA,,,LC
Akodon,Akodon mimus,CRICETIDAE,RODENTIA,MAMMALIA,CHORDATA,ANIMALIA,,,LC
Akodon,Akodon molinae,CRICETIDAE,RODENTIA,MAMMALIA,CHORDATA,ANIMALIA,,,LC
Akodon,Akodon mollis,CRICETIDAE,RODENTIA,MAMMALIA,CHORDATA,ANIMALIA,,,LC
Thaptomys,Thaptomys nigrita,CRICETIDAE,RODENTIA,MAMMALIA,CHORDATA,ANIMALIA,,,LC
Abrothrix,Abrothrix olivaceus,CRICETIDAE,RODENTIA,MAMMALIA,CHORDATA,ANIMALIA,,,LC
Akodon,Akodon orophilus,CRICETIDAE,RODENTIA,MAMMALIA,CHORDATA,ANIMALIA,,,LC
Akodon,Akodon lutescens,CRICETIDAE,RODENTIA,MAMMALIA,CHORDATA,ANIMALIA,,,LC
Abrothrix,Abrothrix sanborni,CRICETIDAE,RODENTIA,MAMMALIA,CHORDATA,ANIMALIA,,,NT
Akodon,Akodon sanctipaulensis,CRICETIDAE,RODENTIA,MAMMALIA,CHORDATA,ANIMALIA,,,DD
Akodon,Akodon serrensis,CRICETIDAE,RODENTIA,MAMMALIA,CHORDATA,ANIMALIA,,,LC
Akodon,Akodon siberiae,CRICETIDAE,RODENTIA,MAMMALIA,CHORDATA,ANIMALIA,,,NT
Akodon,Akodon simulator,CRICETIDAE,RODENTIA,MAMMALIA,CHORDATA,ANIMALIA,,,LC
Akodon,Akodon subfuscus,CRICETIDAE,RODENTIA,MAMMALIA,CHORDATA,ANIMALIA,,,LC
Akodon,Akodon surdus,CRICETIDAE,RODENTIA,MAMMALIA,CHORDATA,ANIMALIA,,,VU
Akodon,Akodon sylvanus,CRICETIDAE,RODENTIA,MAMMALIA,CHORDATA,ANIMALIA,,,LC
Akodon,Akodon toba,CRICETIDAE,RODENTIA,MAMMALIA,CHORDATA,ANIMALIA,,,LC
Akodon,Akodon torques,CRICETIDAE,RODENTIA,MAMMALIA,CHORDATA,ANIMALIA,,,LC
Necromys,Necromys urichi,CRICETIDAE,RODENTIA,MAMMALIA,CHORDATA,ANIMALIA,,,LC
Akodon,Akodon varius,CRICETIDAE,RODENTIA,MAMMALIA,CHORDATA,ANIMALIA,,,DD
Alaena,Alaena margaritacea,LYCAENIDAE,LEPIDOPTERA,INSECTA,ARTHROPODA,ANIMALIA,,,VU
Alasmidonta,Alasmidonta arcula,UNIONIDAE,UNIONOIDA,BIVALVIA,MOLLUSCA,ANIMALIA,,,EN
Alasmidonta,Alasmidonta atropurpurea,UNIONIDAE,UNIONOIDA,BIVALVIA,MOLLUSCA,ANIMALIA,,,EN
Alasmidonta,Alasmidonta heterodon,UNIONIDAE,UNIONOIDA,BIVALVIA,MOLLUSCA,ANIMALIA,,,VU
Alasmidonta,Alasmidonta raveneliana,UNIONIDAE,UNIONOIDA,BIVALVIA,MOLLUSCA,ANIMALIA,,,CR
Alasmidonta,Alasmidonta robusta,UNIONIDAE,UNIONOIDA,BIVALVIA,MOLLUSCA,ANIMALIA,,,EX
Alasmidonta,Alasmidonta wrightiana,UNIONIDAE,UNIONOIDA,BIVALVIA,MOLLUSCA,ANIMALIA,,,EX
Alasmidonta,Alasmidonta marginata,UNIONIDAE,UNIONOIDA,BIVALVIA,MOLLUSCA,ANIMALIA,,,LC
Alasmidonta,Alasmidonta mccordi,UNIONIDAE,UNIONOIDA,BIVALVIA,MOLLUSCA,ANIMALIA,,,EX
Alasmidonta,Alasmidonta varicosa,UNIONIDAE,UNIONOIDA,BIVALVIA,MOLLUSCA,ANIMALIA,,,VU
Alburnus,Alburnus akili,CYPRINIDAE,CYPRINIFORMES,ACTINOPTERYGII,CHORDATA,ANIMALIA,,,EX
Alburnus,Alburnus albidus,CYPRINIDAE,CYPRINIFORMES,ACTINOPTERYGII,CHORDATA,ANIMALIA,,,VU
Alburnus,Alburnus alburnus,CYPRINIDAE,CYPRINIFORMES,ACTINOPTERYGII,CHORDATA,ANIMALIA,,,LC
Alburnus,Alburnus heckeli,CYPRINIDAE,CYPRINIFORMES,ACTINOPTERYGII,CHORDATA,ANIMALIA,,,LC
Alcelaphus,Alcelaphus buselaphus ssp. swaynei,BOVIDAE,CETARTIODACTYLA,MAMMALIA,CHORDATA,ANIMALIA,swaynei,,EN
Alcelaphus,Alcelaphus buselaphus ssp. tora,BOVIDAE,CETARTIODACTYLA,MAMMALIA,CHORDATA,ANIMALIA,tora,,CR
Alcelaphus,Alcelaphus buselaphus,BOVIDAE,CETARTIODACTYLA,MAMMALIA,CHORDATA,ANIMALIA,,,LC
Alcelaphus,Alcelaphus buselaphus ssp. lichtensteinii,BOVIDAE,CETARTIODACTYLA,MAMMALIA,CHORDATA,ANIMALIA,lichtensteinii,,LC
Alcelaphus,Alcelaphus buselaphus ssp. buselaphus,BOVIDAE,CETARTIODACTYLA,MAMMALIA,CHORDATA,ANIMALIA,buselaphus,,EX
Alcelaphus,Alcelaphus buselaphus ssp. caama,BOVIDAE,CETARTIODACTYLA,MAMMALIA,CHORDATA,ANIMALIA,caama,,LC
Alcelaphus,Alcelaphus buselaphus ssp. cokii,BOVIDAE,CETARTIODACTYLA,MAMMALIA,CHORDATA,ANIMALIA,cokii,,LC
Alcelaphus,Alcelaphus buselaphus ssp. lelwel,BOVIDAE,CETARTIODACTYLA,MAMMALIA,CHORDATA,ANIMALIA,lelwel,,EN
Alcelaphus,Alcelaphus buselaphus ssp. major,BOVIDAE,CETARTIODACTYLA,MAMMALIA,CHORDATA,ANIMALIA,major,,VU
Algyroides,Algyroides marchi,LACERTIDAE,SQUAMATA,REPTILIA,CHORDATA,ANIMALIA,,,EN
Alionycteris,Alionycteris paucidentata,PTEROPODIDAE,CHIROPTERA,MAMMALIA,CHORDATA,ANIMALIA,,,LC
Allactaga,Allactaga tetradactyla,DIPODIDAE,RODENTIA,MAMMALIA,CHORDATA,ANIMALIA,,,DD
Allactaga,Allactaga balikunica,DIPODIDAE,RODENTIA,MAMMALIA,CHORDATA,ANIMALIA,,,LC
Allactaga,Allactaga bullata,DIPODIDAE,RODENTIA,MAMMALIA,CHORDATA,ANIMALIA,,,LC
Allactaga,Allactaga euphratica,DIPODIDAE,RODENTIA,MAMMALIA,CHORDATA,ANIMALIA,,,NT
Allactaga,Allactaga firouzi,DIPODIDAE,RODENTIA,MAMMALIA,CHORDATA,ANIMALIA,,,DD
Allactaga,Allactaga hotsoni,DIPODIDAE,RODENTIA,MAMMALIA,CHORDATA,ANIMALIA,,,LC
Allactaga,Allactaga major,DIPODIDAE,RODENTIA,MAMMALIA,CHORDATA,ANIMALIA,,,LC
Allactaga,Allactaga severtzovi,DIPODIDAE,RODENTIA,MAMMALIA,CHORDATA,ANIMALIA,,,LC
Allactaga,Allactaga sibirica,DIPODIDAE,RODENTIA,MAMMALIA,CHORDATA,ANIMALIA,,,LC
Allactaga,Allactaga vinogradovi,DIPODIDAE,RODENTIA,MAMMALIA,CHORDATA,ANIMALIA,,,NT
Allactodipus,Allactodipus bobrinskii,DIPODIDAE,RODENTIA,MAMMALIA,CHORDATA,ANIMALIA,,,LC
Allanaspides,Allanaspides helonomus,ANASPIDIDAE,ANASPIDACEA,MALACOSTRACA,ARTHROPODA,ANIMALIA,,,VU
Allanaspides,Allanaspides hickmani,ANASPIDIDAE,ANASPIDACEA,MALACOSTRACA,ARTHROPODA,ANIMALIA,,,VU
Allenopithecus,Allenopithecus nigroviridis,CERCOPITHECIDAE,PRIMATES,MAMMALIA,CHORDATA,ANIMALIA,,,LC
Alligator,Alligator sinensis,ALLIGATORIDAE,CROCODYLIA,REPTILIA,CHORDATA,ANIMALIA,,,CR
Allocebus,Allocebus trichotis,CHEIROGALEIDAE,PRIMATES,MAMMALIA,CHORDATA,ANIMALIA,,,VU
Allocharopa,Allocharopa erskinensis,CHAROPIDAE,STYLOMMATOPHORA,GASTROPODA,MOLLUSCA,ANIMALIA,,,VU
Allocharopa,Allocharopa okeana,CHAROPIDAE,STYLOMMATOPHORA,GASTROPODA,MOLLUSCA,ANIMALIA,,,LR/nt
Allocharopa,Allocharopa tarravillensis,CHAROPIDAE,STYLOMMATOPHORA,GASTROPODA,MOLLUSCA,ANIMALIA,,,LR/nt
Haplochromis,Haplochromis welcommei,CICHLIDAE,PERCIFORMES,ACTINOPTERYGII,CHORDATA,ANIMALIA,,,VU
Allocrangonyx,Allocrangonyx hubrichti,CRANGONYCTIDAE,AMPHIPODA,MALACOSTRACA,ARTHROPODA,ANIMALIA,,,VU
Allocrangonyx,Allocrangonyx pellucidus,CRANGONYCTIDAE,AMPHIPODA,MALACOSTRACA,ARTHROPODA,ANIMALIA,,,VU
Allocricetulus,Allocricetulus eversmanni,CRICETIDAE,RODENTIA,MAMMALIA,CHORDATA,ANIMALIA,,,LC
Allodiaptomus,Allodiaptomus satanas,DIAPTOMIDAE,CALANOIDA,MAXILLOPODA,ARTHROPODA,ANIMALIA,,,VU
Allognathus,Allognathus graellsianus,HELICIDAE,STYLOMMATOPHORA,GASTROPODA,MOLLUSCA,ANIMALIA,,,LC
Alloperla,Alloperla roberti,CHLOROPERLIDAE,PLECOPTERA,INSECTA,ARTHROPODA,ANIMALIA,,,EX
Allotoca,Allotoca maculata,GOODEIDAE,CYPRINODONTIFORMES,ACTINOPTERYGII,CHORDATA,ANIMALIA,,,CR
Aloeides,Aloeides caledoni,LYCAENIDAE,LEPIDOPTERA,INSECTA,ARTHROPODA,ANIMALIA,,,VU
Aloeides,Aloeides dentatis,LYCAENIDAE,LEPIDOPTERA,INSECTA,ARTHROPODA,ANIMALIA,,,VU
Aloeides,Aloeides egerides,LYCAENIDAE,LEPIDOPTERA,INSECTA,ARTHROPODA,ANIMALIA,,,LC
Aloeides,Aloeides lutescens,LYCAENIDAE,LEPIDOPTERA,INSECTA,ARTHROPODA,ANIMALIA,,,VU
Aloeides,Aloeides carolynnae,LYCAENIDAE,LEPIDOPTERA,INSECTA,ARTHROPODA,ANIMALIA,,,VU
Aloeides,Aloeides kaplani,LYCAENIDAE,LEPIDOPTERA,INSECTA,ARTHROPODA,ANIMALIA,,,VU
Aloeides,Aloeides merces,LYCAENIDAE,LEPIDOPTERA,INSECTA,ARTHROPODA,ANIMALIA,,,VU
Aloeides,Aloeides nollothi,LYCAENIDAE,LEPIDOPTERA,INSECTA,ARTHROPODA,ANIMALIA,,,LC
Aloeides,Aloeides nubilus,LYCAENIDAE,LEPIDOPTERA,INSECTA,ARTHROPODA,ANIMALIA,,,EN
Aloeides,Aloeides pringlei,LYCAENIDAE,LEPIDOPTERA,INSECTA,ARTHROPODA,ANIMALIA,,,VU
Aloeides,Aloeides rossouwi,LYCAENIDAE,LEPIDOPTERA,INSECTA,ARTHROPODA,ANIMALIA,,,VU
Alona,Alona sketi,CHYDORIDAE,DIPLOSTRACA,BRANCHIOPODA,ARTHROPODA,ANIMALIA,,,VU
Alona,Alona hercegovinae,CHYDORIDAE,DIPLOSTRACA,BRANCHIOPODA,ARTHROPODA,ANIMALIA,,,VU
Alona,Alona smirnovi,CHYDORIDAE,DIPLOSTRACA,BRANCHIOPODA,ARTHROPODA,ANIMALIA,,,VU
Vulpes,Vulpes lagopus,CANIDAE,CARNIVORA,MAMMALIA,CHORDATA,ANIMALIA,,,LC
Alopia,Alopia bielzii ssp. clathrata,CLAUSILIIDAE,STYLOMMATOPHORA,GASTROPODA,MOLLUSCA,ANIMALIA,clathrata,,LR/nt
Alosa,Alosa alosa,CLUPEIDAE,CLUPEIFORMES,ACTINOPTERYGII,CHORDATA,ANIMALIA,,,LC
Alosa,Alosa fallax,CLUPEIDAE,CLUPEIFORMES,ACTINOPTERYGII,CHORDATA,ANIMALIA,,,LC
Alosa,Alosa macedonica,CLUPEIDAE,CLUPEIFORMES,ACTINOPTERYGII,CHORDATA,ANIMALIA,,,VU
Alosa,Alosa maeotica,CLUPEIDAE,CLUPEIFORMES,ACTINOPTERYGII,CHORDATA,ANIMALIA,,,LC
Alosa,Alosa immaculata,CLUPEIDAE,CLUPEIFORMES,ACTINOPTERYGII,CHORDATA,ANIMALIA,,,VU
Alosa,Alosa alabamae,CLUPEIDAE,CLUPEIFORMES,ACTINOPTERYGII,CHORDATA,ANIMALIA,,,DD
Alouatta,Alouatta pigra,ATELIDAE,PRIMATES,MAMMALIA,CHORDATA,ANIMALIA,,,EN
Alouatta,Alouatta ululata,ATELIDAE,PRIMATES,MAMMALIA,CHORDATA,ANIMALIA,,,EN
Alouatta,Alouatta palliata ssp. aequatorialis,ATELIDAE,PRIMATES,MAMMALIA,CHORDATA,ANIMALIA,aequatorialis,,VU
Alouatta,Alouatta seniculus ssp. juara,ATELIDAE,PRIMATES,MAMMALIA,CHORDATA,ANIMALIA,juara,,LC
Alouatta,Alouatta palliata ssp. mexicana,ATELIDAE,PRIMATES,MAMMALIA,CHORDATA,ANIMALIA,mexicana,,CR
Alsodes,Alsodes barrioi,ALSODIDAE,ANURA,AMPHIBIA,CHORDATA,ANIMALIA,,,EN
Alsodes,Alsodes montanus,ALSODIDAE,ANURA,AMPHIBIA,CHORDATA,ANIMALIA,,,VU
Alsodes,Alsodes nodosus,ALSODIDAE,ANURA,AMPHIBIA,CHORDATA,ANIMALIA,,,NT
Alsodes,Alsodes vanzolinii,ALSODIDAE,ANURA,AMPHIBIA,CHORDATA,ANIMALIA,,,CR
Alsophis,Alsophis antiguae,DIPSADIDAE,SQUAMATA,REPTILIA,CHORDATA,ANIMALIA,,,CR
Hypsirhynchus,Hypsirhynchus ater,DIPSADIDAE,SQUAMATA,REPTILIA,CHORDATA,ANIMALIA,,,CR
Alsophis,Alsophis rijgersmaei,DIPSADIDAE,SQUAMATA,REPTILIA,CHORDATA,ANIMALIA,,,EN
Alsophis,Alsophis rufiventris,DIPSADIDAE,SQUAMATA,REPTILIA,CHORDATA,ANIMALIA,,,VU
Alticola,Alticola albicaudus,CRICETIDAE,RODENTIA,MAMMALIA,CHORDATA,ANIMALIA,,,DD
Alticola,Alticola argentatus,CRICETIDAE,RODENTIA,MAMMALIA,CHORDATA,ANIMALIA,,,LC
Alticola,Alticola barakshin,CRICETIDAE,RODENTIA,MAMMALIA,CHORDATA,ANIMALIA,,,LC
Alticola,Alticola lemminus,CRICETIDAE,RODENTIA,MAMMALIA,CHORDATA,ANIMALIA,,,LC
Alticola,Alticola macrotis,CRICETIDAE,RODENTIA,MAMMALIA,CHORDATA,ANIMALIA,,,LC
Alticola,Alticola montosa,CRICETIDAE,RODENTIA,MAMMALIA,CHORDATA,ANIMALIA,,,VU
Alticola,Alticola roylei,CRICETIDAE,RODENTIA,MAMMALIA,CHORDATA,ANIMALIA,,,NT
Alticola,Alticola semicanus,CRICETIDAE,RODENTIA,MAMMALIA,CHORDATA,ANIMALIA,,,LC
Alticola,Alticola stoliczkanus,CRICETIDAE,RODENTIA,MAMMALIA,CHORDATA,ANIMALIA,,,LC
Alticola,Alticola strelzowi,CRICETIDAE,RODENTIA,MAMMALIA,CHORDATA,ANIMALIA,,,LC
Alticola,Alticola tuvinicus,CRICETIDAE,RODENTIA,MAMMALIA,CHORDATA,ANIMALIA,,,LC
Alytes,Alytes muletensis,ALYTIDAE,ANURA,AMPHIBIA,CHORDATA,ANIMALIA,,,VU
Alytes,Alytes dickhilleni,ALYTIDAE,ANURA,AMPHIBIA,CHORDATA,ANIMALIA,,,VU
Alzoniella,Alzoniella hartwigschuetti,HYDROBIIDAE,LITTORINIMORPHA,GASTROPODA,MOLLUSCA,ANIMALIA,,,NT
Amanipodagrion,Amanipodagrion gilliesi,MEGAPODAGRIONIDAE,ODONATA,INSECTA,ARTHROPODA,ANIMALIA,,,CR
Amastra,Amastra cylindrica,AMASTRIDAE,STYLOMMATOPHORA,GASTROPODA,MOLLUSCA,ANIMALIA,,,CR
Amastra,Amastra micans,AMASTRIDAE,STYLOMMATOPHORA,GASTROPODA,MOLLUSCA,ANIMALIA,,,CR
Amastra,Amastra rubens,AMASTRIDAE,STYLOMMATOPHORA,GASTROPODA,MOLLUSCA,ANIMALIA,,,CR
Amastra,Amastra spirizona,AMASTRIDAE,STYLOMMATOPHORA,GASTROPODA,MOLLUSCA,ANIMALIA,,,CR
Amastra,Amastra albolabris,AMASTRIDAE,STYLOMMATOPHORA,GASTROPODA,MOLLUSCA,ANIMALIA,,,EX
Amastra,Amastra cornea,AMASTRIDAE,STYLOMMATOPHORA,GASTROPODA,MOLLUSCA,ANIMALIA,,,EX
Amastra,Amastra crassilabrum,AMASTRIDAE,STYLOMMATOPHORA,GASTROPODA,MOLLUSCA,ANIMALIA,,,EX
Amastra,Amastra elongata,AMASTRIDAE,STYLOMMATOPHORA,GASTROPODA,MOLLUSCA,ANIMALIA,,,EX
Amastra,Amastra forbesi,AMASTRIDAE,STYLOMMATOPHORA,GASTROPODA,MOLLUSCA,ANIMALIA,,,EX
Amastra,Amastra pellucida,AMASTRIDAE,STYLOMMATOPHORA,GASTROPODA,MOLLUSCA,ANIMALIA,,,EX
Amastra,Amastra porcus,AMASTRIDAE,STYLOMMATOPHORA,GASTROPODA,MOLLUSCA,ANIMALIA,,,EX
Amastra,Amastra reticulata,AMASTRIDAE,STYLOMMATOPHORA,GASTROPODA,MOLLUSCA,ANIMALIA,,,EX
Amastra,Amastra subrostrata,AMASTRIDAE,STYLOMMATOPHORA,GASTROPODA,MOLLUSCA,ANIMALIA,,,EX
Amastra,Amastra subsoror,AMASTRIDAE,STYLOMMATOPHORA,GASTROPODA,MOLLUSCA,ANIMALIA,,,EX
Amastra,Amastra tenuispira,AMASTRIDAE,STYLOMMATOPHORA,GASTROPODA,MOLLUSCA,ANIMALIA,,,EX
Amastra,Amastra umbilicata,AMASTRIDAE,STYLOMMATOPHORA,GASTROPODA,MOLLUSCA,ANIMALIA,,,EX
Amauris,Amauris comorana,NYMPHALIDAE,LEPIDOPTERA,INSECTA,ARTHROPODA,ANIMALIA,,,EN
Amauris,Amauris nossima,NYMPHALIDAE,LEPIDOPTERA,INSECTA,ARTHROPODA,ANIMALIA,,,VU
Amauris,Amauris phoedon,NYMPHALIDAE,LEPIDOPTERA,INSECTA,ARTHROPODA,ANIMALIA,,,VU
Ambassis,Ambassis agassizii,AMBASSIDAE,PERCIFORMES,ACTINOPTERYGII,CHORDATA,ANIMALIA,,,DD
Ambassis,Ambassis elongatus,AMBASSIDAE,PERCIFORMES,ACTINOPTERYGII,CHORDATA,ANIMALIA,,,LR/lc
Amblema,Amblema neislerii,UNIONIDAE,UNIONOIDA,BIVALVIA,MOLLUSCA,ANIMALIA,,,CR
Ambloplites,Ambloplites cavifrons,CENTRARCHIDAE,PERCIFORMES,ACTINOPTERYGII,CHORDATA,ANIMALIA,,,LC
Amblyopsis,Amblyopsis rosae,AMBLYOPSIDAE,PERCOPSIFORMES,ACTINOPTERYGII,CHORDATA,ANIMALIA,,,NT
Amblyopsis,Amblyopsis spelaea,AMBLYOPSIDAE,PERCOPSIFORMES,ACTINOPTERYGII,CHORDATA,ANIMALIA,,,NT
Amblyrhynchus,Amblyrhynchus cristatus,IGUANIDAE,SQUAMATA,REPTILIA,CHORDATA,ANIMALIA,,,VU
Neamblysomus,Neamblysomus gunningi,CHRYSOCHLORIDAE,AFROSORICIDA,MAMMALIA,CHORDATA,ANIMALIA,,,EN
Neamblysomus,Neamblysomus julianae,CHRYSOCHLORIDAE,AFROSORICIDA,MAMMALIA,CHORDATA,ANIMALIA,,,EN
Ambystoma,Ambystoma lermaense,AMBYSTOMATIDAE,CAUDATA,AMPHIBIA,CHORDATA,ANIMALIA,,,EN
Ambystoma,Ambystoma mexicanum,AMBYSTOMATIDAE,CAUDATA,AMPHIBIA,CHORDATA,ANIMALIA,,,CR
Ambystoma,Ambystoma californiense,AMBYSTOMATIDAE,CAUDATA,AMPHIBIA,CHORDATA,ANIMALIA,,,VU
Ambystoma,Ambystoma cingulatum,AMBYSTOMATIDAE,CAUDATA,AMPHIBIA,CHORDATA,ANIMALIA,,,VU
Ameca,Ameca splendens,GOODEIDAE,CYPRINODONTIFORMES,ACTINOPTERYGII,CHORDATA,ANIMALIA,,,EW
Pholidoscelis,Pholidoscelis polops,TEIIDAE,SQUAMATA,REPTILIA,CHORDATA,ANIMALIA,,,EN
Pholidoscelis,Pholidoscelis cineraceus,TEIIDAE,SQUAMATA,REPTILIA,CHORDATA,ANIMALIA,,,EX
Pholidoscelis,Pholidoscelis major,TEIIDAE,SQUAMATA,REPTILIA,CHORDATA,ANIMALIA,,,DD
Ametrida,Ametrida centurio,PHYLLOSTOMIDAE,CHIROPTERA,MAMMALIA,CHORDATA,ANIMALIA,,,LC
Ammodillus,Ammodillus imbellis,MURIDAE,RODENTIA,MAMMALIA,CHORDATA,ANIMALIA,,,DD
Ammodorcas,Ammodorcas clarkei,BOVIDAE,CETARTIODACTYLA,MAMMALIA,CHORDATA,ANIMALIA,,,VU
Ammonitella,Ammonitella yatesii,MEGOMPHICIDAE,STYLOMMATOPHORA,GASTROPODA,MOLLUSCA,ANIMALIA,,,VU
Ammopelmatus,Ammopelmatus kelsoensis,STENOPELMATIDAE,ORTHOPTERA,INSECTA,ARTHROPODA,ANIMALIA,,,VU
Ammopelmatus,Ammopelmatus muwu,STENOPELMATIDAE,ORTHOPTERA,INSECTA,ARTHROPODA,ANIMALIA,,,VU
Ammospermophilus,Ammospermophilus nelsoni,SCIURIDAE,RODENTIA,MAMMALIA,CHORDATA,ANIMALIA,,,EN
Ammotragus,Ammotragus lervia,BOVIDAE,CETARTIODACTYLA,MAMMALIA,CHORDATA,ANIMALIA,,,VU
Amorphochilus,Amorphochilus schnablii,FURIPTERIDAE,CHIROPTERA,MAMMALIA,CHORDATA,ANIMALIA,,,VU
Ampelita,Ampelita julii,ACAVIDAE,STYLOMMATOPHORA,GASTROPODA,MOLLUSCA,ANIMALIA,,,EN
Ampelita,Ampelita soulaiana,ACAVIDAE,STYLOMMATOPHORA,GASTROPODA,MOLLUSCA,ANIMALIA,,,VU
Ampelita,Ampelita fulgurata,ACAVIDAE,STYLOMMATOPHORA,GASTROPODA,MOLLUSCA,ANIMALIA,,,EN
Amphicyclotulus,Amphicyclotulus guadeloupensis,NEOCYCLOTIDAE,ARCHITAENIOGLOSSA,GASTROPODA,MOLLUSCA,ANIMALIA,,,EX
Amphicyclotulus,Amphicyclotulus liratus,NEOCYCLOTIDAE,ARCHITAENIOGLOSSA,GASTROPODA,MOLLUSCA,ANIMALIA,,,VU
Amphicyclotulus,Amphicyclotulus perplexus,NEOCYCLOTIDAE,ARCHITAENIOGLOSSA,GASTROPODA,MOLLUSCA,ANIMALIA,,,VU
Amphidromus,Amphidromus cognatus,CAMAENIDAE,STYLOMMATOPHORA,GASTROPODA,MOLLUSCA,ANIMALIA,,,LR/nt
Amphigyra,Amphigyra alabamensis,PLANORBIDAE,HYGROPHILA,GASTROPODA,MOLLUSCA,ANIMALIA,,,EX
Amphipteryx,Amphipteryx agrioides,AMPHIPTERYGIDAE,ODONATA,INSECTA,ARTHROPODA,ANIMALIA,,,DD
Amphorella,Amphorella melampoides,FERUSSACIIDAE,STYLOMMATOPHORA,GASTROPODA,MOLLUSCA,ANIMALIA,,,LC
Amphorella,Amphorella iridescens,FERUSSACIIDAE,STYLOMMATOPHORA,GASTROPODA,MOLLUSCA,ANIMALIA,,,VU
Amplirhagada,Amplirhagada astuta,CAMAENIDAE,STYLOMMATOPHORA,GASTROPODA,MOLLUSCA,ANIMALIA,,,EN
Amplirhagada,Amplirhagada elevata,CAMAENIDAE,STYLOMMATOPHORA,GASTROPODA,MOLLUSCA,ANIMALIA,,,LR/lc
Amplirhagada,Amplirhagada herbertena,CAMAENIDAE,STYLOMMATOPHORA,GASTROPODA,MOLLUSCA,ANIMALIA,,,DD
Amplirhagada,Amplirhagada montalivetensis,CAMAENIDAE,STYLOMMATOPHORA,GASTROPODA,MOLLUSCA,ANIMALIA,,,LR/nt
Amplirhagada,Amplirhagada questroana,CAMAENIDAE,STYLOMMATOPHORA,GASTROPODA,MOLLUSCA,ANIMALIA,,,EN
Amyda,Amyda cartilaginea,TRIONYCHIDAE,TESTUDINES,REPTILIA,CHORDATA,ANIMALIA,,,VU
Anabarilius,Anabarilius polylepis,CYPRINIDAE,CYPRINIFORMES,ACTINOPTERYGII,CHORDATA,ANIMALIA,,,EN
Anaecypris,Anaecypris hispanica,CYPRINIDAE,CYPRINIFORMES,ACTINOPTERYGII,CHORDATA,ANIMALIA,,,EN
Anceya,Anceya giraudi,PALUDOMIDAE,SORBEOCONCHA,GASTROPODA,MOLLUSCA,ANIMALIA,,,LC
Anceya,Anceya terebriformis,PALUDOMIDAE,SORBEOCONCHA,GASTROPODA,MOLLUSCA,ANIMALIA,,,DD
Gogo,Gogo brevibarbis,ANCHARIIDAE,SILURIFORMES,ACTINOPTERYGII,CHORDATA,ANIMALIA,,,DD
Ancharius,Ancharius fuscus,ANCHARIIDAE,SILURIFORMES,ACTINOPTERYGII,CHORDATA,ANIMALIA,,,LC
Ancylastrum,Ancylastrum cumingianus,PLANORBIDAE,HYGROPHILA,GASTROPODA,MOLLUSCA,ANIMALIA,,,CR
Ancylus,Ancylus ashangiensis,PLANORBIDAE,HYGROPHILA,GASTROPODA,MOLLUSCA,ANIMALIA,,,CR
Ancylus,Ancylus regularis,PLANORBIDAE,HYGROPHILA,GASTROPODA,MOLLUSCA,ANIMALIA,,,DD
Andalgalomys,Andalgalomys olrogi,CRICETIDAE,RODENTIA,MAMMALIA,CHORDATA,ANIMALIA,,,LC
Andalgalomys,Andalgalomys pearsoni,CRICETIDAE,RODENTIA,MAMMALIA,CHORDATA,ANIMALIA,,,LC
Andinomys,Andinomys edax,CRICETIDAE,RODENTIA,MAMMALIA,CHORDATA,ANIMALIA,,,LC
Andrias,Andrias davidianus,CRYPTOBRANCHIDAE,CAUDATA,AMPHIBIA,CHORDATA,ANIMALIA,,,CR
Andrias,Andrias japonicus,CRYPTOBRANCHIDAE,CAUDATA,AMPHIBIA,CHORDATA,ANIMALIA,,,NT
Androniscus,Androniscus stygius ssp. dentatus,TRICHONISCIDAE,ISOPODA,MALACOSTRACA,ARTHROPODA,ANIMALIA,dentatus,,VU
Aneides,Aneides aeneus,PLETHODONTIDAE,CAUDATA,AMPHIBIA,CHORDATA,ANIMALIA,,,NT
Anergates,Anergates atratulus,FORMICIDAE,HYMENOPTERA,INSECTA,ARTHROPODA,ANIMALIA,,,VU
Anetia,Anetia briarea,NYMPHALIDAE,LEPIDOPTERA,INSECTA,ARTHROPODA,ANIMALIA,,,LR/nt
Anetia,Anetia cubana,NYMPHALIDAE,LEPIDOPTERA,INSECTA,ARTHROPODA,ANIMALIA,,,LR/nt
Anetia,Anetia jaegeri,NYMPHALIDAE,LEPIDOPTERA,INSECTA,ARTHROPODA,ANIMALIA,,,LR/nt
Anetia,Anetia pantheratus,NYMPHALIDAE,LEPIDOPTERA,INSECTA,ARTHROPODA,ANIMALIA,,,LR/nt
Aneuretus,Aneuretus simoni,FORMICIDAE,HYMENOPTERA,INSECTA,ARTHROPODA,ANIMALIA,,,CR
Fluvidona,Fluvidona anodonta,HYDROBIIDAE,LITTORINIMORPHA,GASTROPODA,MOLLUSCA,ANIMALIA,,,VU
Fluvidona,Fluvidona dulvertonensis,HYDROBIIDAE,LITTORINIMORPHA,GASTROPODA,MOLLUSCA,ANIMALIA,,,EX
Fluvidona,Fluvidona dyeriana,HYDROBIIDAE,LITTORINIMORPHA,GASTROPODA,MOLLUSCA,ANIMALIA,,,VU
Austropyrgus,Austropyrgus grampianensis,HYDROBIIDAE,LITTORINIMORPHA,GASTROPODA,MOLLUSCA,ANIMALIA,,,NT
Fluvidona,Fluvidona petterdi,HYDROBIIDAE,LITTORINIMORPHA,GASTROPODA,MOLLUSCA,ANIMALIA,,,CR
Fluvidona,Fluvidona simsoniana,HYDROBIIDAE,LITTORINIMORPHA,GASTROPODA,MOLLUSCA,ANIMALIA,,,LR/lc
Anguispira,Anguispira picta,ENDODONTIDAE,STYLOMMATOPHORA,GASTROPODA,MOLLUSCA,ANIMALIA,,,DD
Anhydrophryne,Anhydrophryne rattrayi,PYXICEPHALIDAE,ANURA,AMPHIBIA,CHORDATA,ANIMALIA,,,VU
Anisomys,Anisomys imitator,MURIDAE,RODENTIA,MAMMALIA,CHORDATA,ANIMALIA,,,LC
Anisotremus,Anisotremus moricandi,HAEMULIDAE,PERCIFORMES,ACTINOPTERYGII,CHORDATA,ANIMALIA,,,LC
Anodontoides,Anodontoides radiatus,UNIONIDAE,UNIONOIDA,BIVALVIA,MOLLUSCA,ANIMALIA,,,NT
Anoglypta,Anoglypta launcestonensis,ACAVIDAE,STYLOMMATOPHORA,GASTROPODA,MOLLUSCA,ANIMALIA,,,NT
Anolis,Anolis roosevelti,DACTYLOIDAE,SQUAMATA,REPTILIA,CHORDATA,ANIMALIA,,,CR
Anomalopus,Anomalopus mackayi,SCINCIDAE,SQUAMATA,REPTILIA,CHORDATA,ANIMALIA,,,VU
Anomalurus,Anomalurus derbianus,ANOMALURIDAE,RODENTIA,MAMMALIA,CHORDATA,ANIMALIA,,,LC
Anomalurus,Anomalurus pelii,ANOMALURIDAE,RODENTIA,MAMMALIA,CHORDATA,ANIMALIA,,,DD
Anomalurus,Anomalurus pusillus,ANOMALURIDAE,RODENTIA,MAMMALIA,CHORDATA,ANIMALIA,,,LC
Anomochilus,Anomochilus leonardi,ANOMOCHILIDAE,SQUAMATA,REPTILIA,CHORDATA,ANIMALIA,,,LC
Anonymomys,Anonymomys mindorensis,MURIDAE,RODENTIA,MAMMALIA,CHORDATA,ANIMALIA,,,DD
Anoplolepis,Anoplolepis nuptialis,FORMICIDAE,HYMENOPTERA,INSECTA,ARTHROPODA,ANIMALIA,,,VU
Anotomys,Anotomys leander,CRICETIDAE,RODENTIA,MAMMALIA,CHORDATA,ANIMALIA,,,VU
Anoura,Anoura cultrata,PHYLLOSTOMIDAE,CHIROPTERA,MAMMALIA,CHORDATA,ANIMALIA,,,LC
Anoura,Anoura latidens,PHYLLOSTOMIDAE,CHIROPTERA,MAMMALIA,CHORDATA,ANIMALIA,,,LC
Anoura,Anoura luismanueli,PHYLLOSTOMIDAE,CHIROPTERA,MAMMALIA,CHORDATA,ANIMALIA,,,LC
Antechinomys,Antechinomys laniger,DASYURIDAE,DASYUROMORPHIA,MAMMALIA,CHORDATA,ANIMALIA,,,LC
Antechinus,Antechinus godmani,DASYURIDAE,DASYUROMORPHIA,MAMMALIA,CHORDATA,ANIMALIA,,,NT
Antechinus,Antechinus leo,DASYURIDAE,DASYUROMORPHIA,MAMMALIA,CHORDATA,ANIMALIA,,,LC
Murexia,Murexia naso,DASYURIDAE,DASYUROMORPHIA,MAMMALIA,CHORDATA,ANIMALIA,,,LC
Murexia,Murexia habbema,DASYURIDAE,DASYUROMORPHIA,MAMMALIA,CHORDATA,ANIMALIA,,,LC
Antechinus,Antechinus agilis,DASYURIDAE,DASYUROMORPHIA,MAMMALIA,CHORDATA,ANIMALIA,,,LC
Murexia,Murexia melanurus,DASYURIDAE,DASYUROMORPHIA,MAMMALIA,CHORDATA,ANIMALIA,,,LC
Choranthias,Choranthias salmopunctatus,SERRANIDAE,PERCIFORMES,ACTINOPTERYGII,CHORDATA,ANIMALIA,,,LC
Anthicus,Anthicus sacramento,ANTHICIDAE,COLEOPTERA,INSECTA,ARTHROPODA,ANIMALIA,,,EN
Anthops,Anthops ornatus,HIPPOSIDERIDAE,CHIROPTERA,MAMMALIA,CHORDATA,ANIMALIA,,,DD
Antichthonidris,Antichthonidris bidentatus,FORMICIDAE,HYMENOPTERA,INSECTA,ARTHROPODA,ANIMALIA,,,VU
Antidorcas,Antidorcas marsupialis,BOVIDAE,CETARTIODACTYLA,MAMMALIA,CHORDATA,ANIMALIA,,,LC
Antilocapra,Antilocapra americana,ANTILOCAPRIDAE,CETARTIODACTYLA,MAMMALIA,CHORDATA,ANIMALIA,,,LC
Antilope,Antilope cervicapra,BOVIDAE,CETARTIODACTYLA,MAMMALIA,CHORDATA,ANIMALIA,,,LC
Antipodochlora,Antipodochlora braueri,CORDULIIDAE,ODONATA,INSECTA,ARTHROPODA,ANIMALIA,,,LC
Antiponemertes,Antiponemertes allisonae,PROSORHOCHMIDAE,HOPLONEMERTEA,ENOPLA,NEMERTINA,ANIMALIA,,,EN
Antrisocopia,Antrisocopia prehensilis,PLATYCOPIIDAE,PLATYCOPIOIDA,MAXILLOPODA,ARTHROPODA,ANIMALIA,,,CR
Antrobia,Antrobia culveri,HYDROBIIDAE,LITTORINIMORPHA,GASTROPODA,MOLLUSCA,ANIMALIA,,,EN
Antrolana,Antrolana lira,CIROLANIDAE,ISOPODA,MALACOSTRACA,ARTHROPODA,ANIMALIA,,,VU
Bauerus,Bauerus dubiaquercus,VESPERTILIONIDAE,CHIROPTERA,MAMMALIA,CHORDATA,ANIMALIA,,,NT
Antrozous,Antrozous pallidus,VESPERTILIONIDAE,CHIROPTERA,MAMMALIA,CHORDATA,ANIMALIA,,,LC
Aonyx,Aonyx capensis,MUSTELIDAE,CARNIVORA,MAMMALIA,CHORDATA,ANIMALIA,,,NT
Aonyx,Aonyx congicus,MUSTELIDAE,CARNIVORA,MAMMALIA,CHORDATA,ANIMALIA,,,NT
Aotus,Aotus miconax,AOTIDAE,PRIMATES,MAMMALIA,CHORDATA,ANIMALIA,,,VU
Aotus,Aotus griseimembra,AOTIDAE,PRIMATES,MAMMALIA,CHORDATA,ANIMALIA,,,VU
Aotus,Aotus lemurinus,AOTIDAE,PRIMATES,MAMMALIA,CHORDATA,ANIMALIA,,,VU
Apalone,Apalone spinifera ssp. atra,TRIONYCHIDAE,TESTUDINES,REPTILIA,CHORDATA,ANIMALIA,atra,,CR
Aphaenogaster,Aphaenogaster bidentatus,FORMICIDAE,HYMENOPTERA,INSECTA,ARTHROPODA,ANIMALIA,,,VU
Aphanius,Aphanius anatoliae,CYPRINODONTIDAE,CYPRINODONTIFORMES,ACTINOPTERYGII,CHORDATA,ANIMALIA,,,NT
Aphanius,Aphanius burduricus,CYPRINODONTIDAE,CYPRINODONTIFORMES,ACTINOPTERYGII,CHORDATA,ANIMALIA,,,EN
Aphanius,Aphanius chantrei,CYPRINODONTIDAE,CYPRINODONTIFORMES,ACTINOPTERYGII,CHORDATA,ANIMALIA,,,LR/lc
Aphanius,Aphanius iberus,CYPRINODONTIDAE,CYPRINODONTIFORMES,ACTINOPTERYGII,CHORDATA,ANIMALIA,,,EN
Aphanius,Aphanius fasciatus,CYPRINODONTIDAE,CYPRINODONTIFORMES,ACTINOPTERYGII,CHORDATA,ANIMALIA,,,LC
Aphanius,Aphanius splendens,CYPRINODONTIDAE,CYPRINODONTIFORMES,ACTINOPTERYGII,CHORDATA,ANIMALIA,,,EX
Aphanius,Aphanius sureyanus,CYPRINODONTIDAE,CYPRINODONTIFORMES,ACTINOPTERYGII,CHORDATA,ANIMALIA,,,EN
Aphanius,Aphanius transgrediens,CYPRINODONTIDAE,CYPRINODONTIFORMES,ACTINOPTERYGII,CHORDATA,ANIMALIA,,,CR
Aphaostracon,Aphaostracon asthenes,HYDROBIIDAE,LITTORINIMORPHA,GASTROPODA,MOLLUSCA,ANIMALIA,,,VU
Aphaostracon,Aphaostracon monas,HYDROBIIDAE,LITTORINIMORPHA,GASTROPODA,MOLLUSCA,ANIMALIA,,,VU
Aphaostracon,Aphaostracon pycnus,HYDROBIIDAE,LITTORINIMORPHA,GASTROPODA,MOLLUSCA,ANIMALIA,,,VU
Aplochiton,Aplochiton marinus,GALAXIIDAE,OSMERIFORMES,ACTINOPTERYGII,CHORDATA,ANIMALIA,,,DD
Aplodontia,Aplodontia rufa,APLODONTIIDAE,RODENTIA,MAMMALIA,CHORDATA,ANIMALIA,,,LC
Apodemus,Apodemus agrarius,MURIDAE,RODENTIA,MAMMALIA,CHORDATA,ANIMALIA,,,LC
Apodemus,Apodemus chevrieri,MURIDAE,RODENTIA,MAMMALIA,CHORDATA,ANIMALIA,,,LC
Apodemus,Apodemus draco,MURIDAE,RODENTIA,MAMMALIA,CHORDATA,ANIMALIA,,,LC
Apodemus,Apodemus flavicollis,MURIDAE,RODENTIA,MAMMALIA,CHORDATA,ANIMALIA,,,LC
Apodemus,Apodemus gurkha,MURIDAE,RODENTIA,MAMMALIA,CHORDATA,ANIMALIA,,,LC
Apodemus,Apodemus hyrcanicus,MURIDAE,RODENTIA,MAMMALIA,CHORDATA,ANIMALIA,,,NT
Apodemus,Apodemus latronum,MURIDAE,RODENTIA,MAMMALIA,CHORDATA,ANIMALIA,,,LC
Apodemus,Apodemus mystacinus,MURIDAE,RODENTIA,MAMMALIA,CHORDATA,ANIMALIA,,,LC
Apodemus,Apodemus peninsulae,MURIDAE,RODENTIA,MAMMALIA,CHORDATA,ANIMALIA,,,LC
Apodemus,Apodemus ponticus,MURIDAE,RODENTIA,MAMMALIA,CHORDATA,ANIMALIA,,,LC
Apodemus,Apodemus rusiges,MURIDAE,RODENTIA,MAMMALIA,CHORDATA,ANIMALIA,,,LC
Apodemus,Apodemus semotus,MURIDAE,RODENTIA,MAMMALIA,CHORDATA,ANIMALIA,,,LC
Apodemus,Apodemus speciosus,MURIDAE,RODENTIA,MAMMALIA,CHORDATA,ANIMALIA,,,LC
Apodemus,Apodemus sylvaticus,MURIDAE,RODENTIA,MAMMALIA,CHORDATA,ANIMALIA,,,LC
Apodemus,Apodemus uralensis,MURIDAE,RODENTIA,MAMMALIA,CHORDATA,ANIMALIA,,,LC
Apodemus,Apodemus pallipes,MURIDAE,RODENTIA,MAMMALIA,CHORDATA,ANIMALIA,,,LC
Apodemus,Apodemus alpicola,MURIDAE,RODENTIA,MAMMALIA,CHORDATA,ANIMALIA,,,LC
Apomys,Apomys datae,MURIDAE,RODENTIA,MAMMALIA,CHORDATA,ANIMALIA,,,LC
Apomys,Apomys hylocetes,MURIDAE,RODENTIA,MAMMALIA,CHORDATA,ANIMALIA,,,LC
Apomys,Apomys insignis,MURIDAE,RODENTIA,MAMMALIA,CHORDATA,ANIMALIA,,,LC
Apomys,Apomys littoralis,MURIDAE,RODENTIA,MAMMALIA,CHORDATA,ANIMALIA,,,DD
Apomys,Apomys microdon,MURIDAE,RODENTIA,MAMMALIA,CHORDATA,ANIMALIA,,,LC
Apomys,Apomys musculus,MURIDAE,RODENTIA,MAMMALIA,CHORDATA,ANIMALIA,,,LC
Apomys,Apomys sacobianus,MURIDAE,RODENTIA,MAMMALIA,CHORDATA,ANIMALIA,,,LC
Apomys,Apomys gracilirostris,MURIDAE,RODENTIA,MAMMALIA,CHORDATA,ANIMALIA,,,LC
Aprasia,Aprasia aurita,PYGOPODIDAE,SQUAMATA,REPTILIA,CHORDATA,ANIMALIA,,,NT
Aprasia,Aprasia pseudopulchella,PYGOPODIDAE,SQUAMATA,REPTILIA,CHORDATA,ANIMALIA,,,LR/nt
Aproteles,Aproteles bulmerae,PTEROPODIDAE,CHIROPTERA,MAMMALIA,CHORDATA,ANIMALIA,,,CR
Apteromantis,Apteromantis aptera,MANTIDAE,MANTODEA,INSECTA,ARTHROPODA,ANIMALIA,,,LC
Aquadulcaris,Aquadulcaris pheronyx,PARAMELITIDAE,AMPHIPODA,MALACOSTRACA,ARTHROPODA,ANIMALIA,,,CR
Arapaima,Arapaima gigas,ARAPAIMIDAE,OSTEOGLOSSIFORMES,ACTINOPTERYGII,CHORDATA,ANIMALIA,,,DD
Arawacus,Arawacus aethesa,LYCAENIDAE,LEPIDOPTERA,INSECTA,ARTHROPODA,ANIMALIA,,,EN
Arborimus,Arborimus albipes,CRICETIDAE,RODENTIA,MAMMALIA,CHORDATA,ANIMALIA,,,LC
Arborimus,Arborimus pomo,CRICETIDAE,RODENTIA,MAMMALIA,CHORDATA,ANIMALIA,,,NT
Archachatina,Archachatina bicarinata,ACHATINIDAE,STYLOMMATOPHORA,GASTROPODA,MOLLUSCA,ANIMALIA,,,VU
Archachatina,Archachatina knorri,ACHATINIDAE,STYLOMMATOPHORA,GASTROPODA,MOLLUSCA,ANIMALIA,,,DD
Archboldomys,Archboldomys luzonensis,MURIDAE,RODENTIA,MAMMALIA,CHORDATA,ANIMALIA,,,VU
Arctocebus,Arctocebus aureus,LORISIDAE,PRIMATES,MAMMALIA,CHORDATA,ANIMALIA,,,LC
Arctocebus,Arctocebus calabarensis,LORISIDAE,PRIMATES,MAMMALIA,CHORDATA,ANIMALIA,,,LC
Arctocephalus,Arctocephalus australis,OTARIIDAE,CARNIVORA,MAMMALIA,CHORDATA,ANIMALIA,,,LC
Arctocephalus,Arctocephalus galapagoensis,OTARIIDAE,CARNIVORA,MAMMALIA,CHORDATA,ANIMALIA,,,EN
Arctocephalus,Arctocephalus gazella,OTARIIDAE,CARNIVORA,MAMMALIA,CHORDATA,ANIMALIA,,,LC
Arctocephalus,Arctocephalus philippii,OTARIIDAE,CARNIVORA,MAMMALIA,CHORDATA,ANIMALIA,,,LC
Arctocephalus,Arctocephalus pusillus,OTARIIDAE,CARNIVORA,MAMMALIA,CHORDATA,ANIMALIA,,,LC
Arctocephalus,Arctocephalus townsendi,OTARIIDAE,CARNIVORA,MAMMALIA,CHORDATA,ANIMALIA,,,LC
Arctocephalus,Arctocephalus tropicalis,OTARIIDAE,CARNIVORA,MAMMALIA,CHORDATA,ANIMALIA,,,LC
Arctocephalus,Arctocephalus australis ssp. australis,OTARIIDAE,CARNIVORA,MAMMALIA,CHORDATA,ANIMALIA,australis,,LC
Arctocephalus,Arctocephalus pusillus ssp. pusillus,OTARIIDAE,CARNIVORA,MAMMALIA,CHORDATA,ANIMALIA,pusillus,,LC
Arctocephalus,Arctocephalus pusillus ssp. doriferus,OTARIIDAE,CARNIVORA,MAMMALIA,CHORDATA,ANIMALIA,doriferus,,LC
Arctodiaptomus,Arctodiaptomus burduricus,DIAPTOMIDAE,CALANOIDA,MAXILLOPODA,ARTHROPODA,ANIMALIA,,,VU
Arctodiaptomus,Arctodiaptomus euacanthus,DIAPTOMIDAE,CALANOIDA,MAXILLOPODA,ARTHROPODA,ANIMALIA,,,VU
Arctodiaptomus,Arctodiaptomus kamtschaticus,DIAPTOMIDAE,CALANOIDA,MAXILLOPODA,ARTHROPODA,ANIMALIA,,,VU
Arctodiaptomus,Arctodiaptomus michaeli,DIAPTOMIDAE,CALANOIDA,MAXILLOPODA,ARTHROPODA,ANIMALIA,,,VU
Ardops,Ardops nichollsi,PHYLLOSTOMIDAE,CHIROPTERA,MAMMALIA,CHORDATA,ANIMALIA,,,LC
Heraultiella,Heraultiella exilis,HYDROBIIDAE,LITTORINIMORPHA,GASTROPODA,MOLLUSCA,ANIMALIA,,,VU
Argiocnemis,Argiocnemis solitaria,COENAGRIONIDAE,ODONATA,INSECTA,ARTHROPODA,ANIMALIA,,,DD
Argonemertes,Argonemertes hillii,PROSORHOCHMIDAE,HOPLONEMERTEA,ENOPLA,NEMERTINA,ANIMALIA,,,LC
Argonemertes,Argonemertes stocki,PROSORHOCHMIDAE,HOPLONEMERTEA,ENOPLA,NEMERTINA,ANIMALIA,,,DD
Argyresthia,Argyresthia castaneela,ARGYRESTHIIDAE,LEPIDOPTERA,INSECTA,ARTHROPODA,ANIMALIA,,,EX
Argyrodiaptomus,Argyrodiaptomus neglectus,DIAPTOMIDAE,CALANOIDA,MAXILLOPODA,ARTHROPODA,ANIMALIA,,,DD
Arion,Arion obesoductus,ARIONIDAE,STYLOMMATOPHORA,GASTROPODA,MOLLUSCA,ANIMALIA,,,LC
Arion,Arion simrothi,ARIONIDAE,STYLOMMATOPHORA,GASTROPODA,MOLLUSCA,ANIMALIA,,,DD
Ariteus,Ariteus flavescens,PHYLLOSTOMIDAE,CHIROPTERA,MAMMALIA,CHORDATA,ANIMALIA,,,LC
Neoarius,Neoarius taylori,ARIIDAE,SILURIFORMES,ACTINOPTERYGII,CHORDATA,ANIMALIA,,,DD
Arius,Arius madagascariensis,ARIIDAE,SILURIFORMES,ACTINOPTERYGII,CHORDATA,ANIMALIA,,,LC
Arcidens,Arcidens wheeleri,UNIONIDAE,UNIONOIDA,BIVALVIA,MOLLUSCA,ANIMALIA,,,EN
Armatobalanus,Armatobalanus nefrens,BALANIDAE,SESSILIA,MAXILLOPODA,ARTHROPODA,ANIMALIA,,,DD
Armsia,Armsia petasus,AMASTRIDAE,STYLOMMATOPHORA,GASTROPODA,MOLLUSCA,ANIMALIA,,,CR
Artemia,Artemia monica,ARTEMIIDAE,ANOSTRACA,BRANCHIOPODA,ARTHROPODA,ANIMALIA,,,LR/cd
Arthroleptides,Arthroleptides dutoiti,PETROPEDETIDAE,ANURA,AMPHIBIA,CHORDATA,ANIMALIA,,,CR
Artibeus,Artibeus amplus,PHYLLOSTOMIDAE,CHIROPTERA,MAMMALIA,CHORDATA,ANIMALIA,,,LC
Dermanura,Dermanura anderseni,PHYLLOSTOMIDAE,CHIROPTERA,MAMMALIA,CHORDATA,ANIMALIA,,,LC
Dermanura,Dermanura azteca,PHYLLOSTOMIDAE,CHIROPTERA,MAMMALIA,CHORDATA,ANIMALIA,,,LC
Dermanura,Dermanura cinerea,PHYLLOSTOMIDAE,CHIROPTERA,MAMMALIA,CHORDATA,ANIMALIA,,,LC
Artibeus,Artibeus concolor,PHYLLOSTOMIDAE,CHIROPTERA,MAMMALIA,CHORDATA,ANIMALIA,,,LC
Artibeus,Artibeus fimbriatus,PHYLLOSTOMIDAE,CHIROPTERA,MAMMALIA,CHORDATA,ANIMALIA,,,LC
Artibeus,Artibeus fraterculus,PHYLLOSTOMIDAE,CHIROPTERA,MAMMALIA,CHORDATA,ANIMALIA,,,LC
Dermanura,Dermanura gnoma,PHYLLOSTOMIDAE,CHIROPTERA,MAMMALIA,CHORDATA,ANIMALIA,,,LC
Enchisthenes,Enchisthenes hartii,PHYLLOSTOMIDAE,CHIROPTERA,MAMMALIA,CHORDATA,ANIMALIA,,,LC
Artibeus,Artibeus hirsutus,PHYLLOSTOMIDAE,CHIROPTERA,MAMMALIA,CHORDATA,ANIMALIA,,,LC
Artibeus,Artibeus inopinatus,PHYLLOSTOMIDAE,CHIROPTERA,MAMMALIA,CHORDATA,ANIMALIA,,,DD
Artibeus,Artibeus lituratus,PHYLLOSTOMIDAE,CHIROPTERA,MAMMALIA,CHORDATA,ANIMALIA,,,LC
Artibeus,Artibeus obscurus,PHYLLOSTOMIDAE,CHIROPTERA,MAMMALIA,CHORDATA,ANIMALIA,,,LC
Artibeus,Artibeus planirostris,PHYLLOSTOMIDAE,CHIROPTERA,MAMMALIA,CHORDATA,ANIMALIA,,,LC
Dermanura,Dermanura tolteca,PHYLLOSTOMIDAE,CHIROPTERA,MAMMALIA,CHORDATA,ANIMALIA,,,LC
Arubolana,Arubolana imula,CIROLANIDAE,ISOPODA,MALACOSTRACA,ARTHROPODA,ANIMALIA,,,VU
Arvicanthis,Arvicanthis abyssinicus,MURIDAE,RODENTIA,MAMMALIA,CHORDATA,ANIMALIA,,,LC
Arvicanthis,Arvicanthis blicki,MURIDAE,RODENTIA,MAMMALIA,CHORDATA,ANIMALIA,,,NT
Arvicanthis,Arvicanthis nairobae,MURIDAE,RODENTIA,MAMMALIA,CHORDATA,ANIMALIA,,,LC
Arvicanthis,Arvicanthis niloticus,MURIDAE,RODENTIA,MAMMALIA,CHORDATA,ANIMALIA,,,LC
Arvicanthis,Arvicanthis neumanni,MURIDAE,RODENTIA,MAMMALIA,CHORDATA,ANIMALIA,,,LC
Arvicola,Arvicola amphibius,CRICETIDAE,RODENTIA,MAMMALIA,CHORDATA,ANIMALIA,,,LC
Arvicola,Arvicola sapidus,CRICETIDAE,RODENTIA,MAMMALIA,CHORDATA,ANIMALIA,,,VU
Asellia,Asellia patrizii,HIPPOSIDERIDAE,CHIROPTERA,MAMMALIA,CHORDATA,ANIMALIA,,,LC
Aselliscus,Aselliscus stoliczkanus,HIPPOSIDERIDAE,CHIROPTERA,MAMMALIA,CHORDATA,ANIMALIA,,,LC
Aselliscus,Aselliscus tricuspidatus,HIPPOSIDERIDAE,CHIROPTERA,MAMMALIA,CHORDATA,ANIMALIA,,,LC
Asellus,Asellus aquaticus ssp. carniolicus,ASELLIDAE,ISOPODA,MALACOSTRACA,ARTHROPODA,ANIMALIA,carniolicus,,EN
Asellus,Asellus aquaticus ssp. cavernicolus,ASELLIDAE,ISOPODA,MALACOSTRACA,ARTHROPODA,ANIMALIA,cavernicolus,,VU
Asellus,Asellus aquaticus ssp. cyclobranchialis,ASELLIDAE,ISOPODA,MALACOSTRACA,ARTHROPODA,ANIMALIA,cyclobranchialis,,EN
Ashmunella,Ashmunella pasonis,POLYGYRIDAE,STYLOMMATOPHORA,GASTROPODA,MOLLUSCA,ANIMALIA,,,LR/nt
Asiagomphus,Asiagomphus yayeyamensis,GOMPHIDAE,ODONATA,INSECTA,ARTHROPODA,ANIMALIA,,,EN
Asiagomphus,Asiagomphus amamiensis ssp. amamiensis,GOMPHIDAE,ODONATA,INSECTA,ARTHROPODA,ANIMALIA,amamiensis,,EN
Asiagomphus,Asiagomphus amamiensis ssp. okinawanus,GOMPHIDAE,ODONATA,INSECTA,ARTHROPODA,ANIMALIA,okinawanus,,EN
Aslauga,Aslauga australis,LYCAENIDAE,LEPIDOPTERA,INSECTA,ARTHROPODA,ANIMALIA,,,VU
Nilssonia,Nilssonia nigricans,TRIONYCHIDAE,TESTUDINES,REPTILIA,CHORDATA,ANIMALIA,,,EW
Nilssonia,Nilssonia leithii,TRIONYCHIDAE,TESTUDINES,REPTILIA,CHORDATA,ANIMALIA,,,VU
Aspidites,Aspidites ramsayi,PYTHONIDAE,SQUAMATA,REPTILIA,CHORDATA,ANIMALIA,,,LC
Aspius,Aspius aspius,CYPRINIDAE,CYPRINIFORMES,ACTINOPTERYGII,CHORDATA,ANIMALIA,,,LC
Assiminea,Assiminea infirma,ASSIMINEIDAE,LITTORINIMORPHA,GASTROPODA,MOLLUSCA,ANIMALIA,,,VU
Assiminea,Assiminea palauensis,ASSIMINEIDAE,LITTORINIMORPHA,GASTROPODA,MOLLUSCA,ANIMALIA,,,DD
Assiminea,Assiminea pecos,ASSIMINEIDAE,LITTORINIMORPHA,GASTROPODA,MOLLUSCA,ANIMALIA,,,EN
Astacoides,Astacoides madagascarensis,PARASTACIDAE,DECAPODA,MALACOSTRACA,ARTHROPODA,ANIMALIA,,,LC
Astacoides,Astacoides crosnieri,PARASTACIDAE,DECAPODA,MALACOSTRACA,ARTHROPODA,ANIMALIA,,,VU
Astacoides,Astacoides petiti,PARASTACIDAE,DECAPODA,MALACOSTRACA,ARTHROPODA,ANIMALIA,,,DD
Astacoides,Astacoides granulimanus,PARASTACIDAE,DECAPODA,MALACOSTRACA,ARTHROPODA,ANIMALIA,,,LC
Astacoides,Astacoides caldwelli,PARASTACIDAE,DECAPODA,MALACOSTRACA,ARTHROPODA,ANIMALIA,,,VU
Astacoides,Astacoides betsileoensis,PARASTACIDAE,DECAPODA,MALACOSTRACA,ARTHROPODA,ANIMALIA,,,VU
Astacopsis,Astacopsis gouldi,PARASTACIDAE,DECAPODA,MALACOSTRACA,ARTHROPODA,ANIMALIA,,,EN
Astacus,Astacus astacus,ASTACIDAE,DECAPODA,MALACOSTRACA,ARTHROPODA,ANIMALIA,,,VU
Haplochromis,Haplochromis barbarae,CICHLIDAE,PERCIFORMES,ACTINOPTERYGII,CHORDATA,ANIMALIA,,,CR
Haplochromis,Haplochromis brownae,CICHLIDAE,PERCIFORMES,ACTINOPTERYGII,CHORDATA,ANIMALIA,,,CR
Haplochromis,Haplochromis latifasciatus,CICHLIDAE,PERCIFORMES,ACTINOPTERYGII,CHORDATA,ANIMALIA,,,CR
Haplochromis,Haplochromis martini,CICHLIDAE,PERCIFORMES,ACTINOPTERYGII,CHORDATA,ANIMALIA,,,CR
Haplochromis,Haplochromis megalops,CICHLIDAE,PERCIFORMES,ACTINOPTERYGII,CHORDATA,ANIMALIA,,,VU
Haplochromis,Haplochromis velifer,CICHLIDAE,PERCIFORMES,ACTINOPTERYGII,CHORDATA,ANIMALIA,,,VU
Astraea,Astraea heliotropium,TURBINIDAE,VETIGASTROPODA,GASTROPODA,MOLLUSCA,ANIMALIA,,,LR/lc
Astyanax,Astyanax mexicanus ssp. jordani,CHARACIDAE,CHARACIFORMES,ACTINOPTERYGII,CHORDATA,ANIMALIA,jordani,,VU
Ataeniobius,Ataeniobius toweri,GOODEIDAE,CYPRINODONTIFORMES,ACTINOPTERYGII,CHORDATA,ANIMALIA,,,EN
Atelerix,Atelerix frontalis,ERINACEIDAE,EULIPOTYPHLA,MAMMALIA,CHORDATA,ANIMALIA,,,LC
Atelerix,Atelerix sclateri,ERINACEIDAE,EULIPOTYPHLA,MAMMALIA,CHORDATA,ANIMALIA,,,LC
Ateles,Ateles belzebuth,ATELIDAE,PRIMATES,MAMMALIA,CHORDATA,ANIMALIA,,,EN
Ateles,Ateles geoffroyi,ATELIDAE,PRIMATES,MAMMALIA,CHORDATA,ANIMALIA,,,EN
Ateles,Ateles geoffroyi ssp. frontatus,ATELIDAE,PRIMATES,MAMMALIA,CHORDATA,ANIMALIA,frontatus,,VU
Ateles,Ateles marginatus,ATELIDAE,PRIMATES,MAMMALIA,CHORDATA,ANIMALIA,,,EN
Ateles,Ateles paniscus,ATELIDAE,PRIMATES,MAMMALIA,CHORDATA,ANIMALIA,,,VU
Ateles,Ateles geoffroyi ssp. azuerensis,ATELIDAE,PRIMATES,MAMMALIA,CHORDATA,ANIMALIA,azuerensis,,CR
Ateles,Ateles geoffroyi ssp. grisescens,ATELIDAE,PRIMATES,MAMMALIA,CHORDATA,ANIMALIA,grisescens,,DD
Ateles,Ateles geoffroyi ssp. ornatus,ATELIDAE,PRIMATES,MAMMALIA,CHORDATA,ANIMALIA,ornatus,,EN
Ateles,Ateles geoffroyi ssp. yucatanensis,ATELIDAE,PRIMATES,MAMMALIA,CHORDATA,ANIMALIA,yucatanensis,,EN
Chaltenobatrachus,Chaltenobatrachus grandisonae,BATRACHYLIDAE,ANURA,AMPHIBIA,CHORDATA,ANIMALIA,,,DD
Atelognathus,Atelognathus nitoi,BATRACHYLIDAE,ANURA,AMPHIBIA,CHORDATA,ANIMALIA,,,VU
Atelognathus,Atelognathus reverberii,BATRACHYLIDAE,ANURA,AMPHIBIA,CHORDATA,ANIMALIA,,,VU
Atelognathus,Atelognathus solitarius,BATRACHYLIDAE,ANURA,AMPHIBIA,CHORDATA,ANIMALIA,,,VU
Atenia,Atenia quadrasi,HELICODONTIDAE,STYLOMMATOPHORA,GASTROPODA,MOLLUSCA,ANIMALIA,,,LC
Atherina,Atherina boyeri,ATHERINIDAE,ATHERINIFORMES,ACTINOPTERYGII,CHORDATA,ANIMALIA,,,LC
Atherurus,Atherurus africanus,HYSTRICIDAE,RODENTIA,MAMMALIA,CHORDATA,ANIMALIA,,,LC
Atherurus,Atherurus macrourus,HYSTRICIDAE,RODENTIA,MAMMALIA,CHORDATA,ANIMALIA,,,LC
Atlantasellus,Atlantasellus cavernicolus,ATLANTASELLIDAE,ISOPODA,MALACOSTRACA,ARTHROPODA,ANIMALIA,,,CR
Atlantoxerus,Atlantoxerus getulus,SCIURIDAE,RODENTIA,MAMMALIA,CHORDATA,ANIMALIA,,,LC
Atrichotoxon,Atrichotoxon usambarense,HELICARIONIDAE,STYLOMMATOPHORA,GASTROPODA,MOLLUSCA,ANIMALIA,,,DD
Atrophaneura,Atrophaneura atropos,PAPILIONIDAE,LEPIDOPTERA,INSECTA,ARTHROPODA,ANIMALIA,,,VU
Atrophaneura,Atrophaneura jophon,PAPILIONIDAE,LEPIDOPTERA,INSECTA,ARTHROPODA,ANIMALIA,,,CR
Atrophaneura,Atrophaneura luchti,PAPILIONIDAE,LEPIDOPTERA,INSECTA,ARTHROPODA,ANIMALIA,,,VU
Atrophaneura,Atrophaneura palu,PAPILIONIDAE,LEPIDOPTERA,INSECTA,ARTHROPODA,ANIMALIA,,,DD
Atrophaneura,Atrophaneura schadenbergi,PAPILIONIDAE,LEPIDOPTERA,INSECTA,ARTHROPODA,ANIMALIA,,,VU
Attheyella,Attheyella yemanjae,CANTHOCAMPTIDAE,HARPACTICOIDA,MAXILLOPODA,ARTHROPODA,ANIMALIA,,,LR/cd
Auliscomys,Auliscomys boliviensis,CRICETIDAE,RODENTIA,MAMMALIA,CHORDATA,ANIMALIA,,,LC
Loxodontomys,Loxodontomys micropus,CRICETIDAE,RODENTIA,MAMMALIA,CHORDATA,ANIMALIA,,,LC
Auliscomys,Auliscomys pictus,CRICETIDAE,RODENTIA,MAMMALIA,CHORDATA,ANIMALIA,,,LC
Auliscomys,Auliscomys sublimis,CRICETIDAE,RODENTIA,MAMMALIA,CHORDATA,ANIMALIA,,,LC
Auriculella,Auriculella ambusta,ACHATINELLIDAE,STYLOMMATOPHORA,GASTROPODA,MOLLUSCA,ANIMALIA,,,DD
Auriculella,Auriculella castanea,ACHATINELLIDAE,STYLOMMATOPHORA,GASTROPODA,MOLLUSCA,ANIMALIA,,,DD
Auriculella,Auriculella crassula,ACHATINELLIDAE,STYLOMMATOPHORA,GASTROPODA,MOLLUSCA,ANIMALIA,,,DD
Auriculella,Auriculella malleata,ACHATINELLIDAE,STYLOMMATOPHORA,GASTROPODA,MOLLUSCA,ANIMALIA,,,DD
Auriculella,Auriculella perpusilla,ACHATINELLIDAE,STYLOMMATOPHORA,GASTROPODA,MOLLUSCA,ANIMALIA,,,DD
Auriculella,Auriculella pulchra,ACHATINELLIDAE,STYLOMMATOPHORA,GASTROPODA,MOLLUSCA,ANIMALIA,,,DD
Auriculella,Auriculella tenella,ACHATINELLIDAE,STYLOMMATOPHORA,GASTROPODA,MOLLUSCA,ANIMALIA,,,DD
Auriculella,Auriculella expansa,ACHATINELLIDAE,STYLOMMATOPHORA,GASTROPODA,MOLLUSCA,ANIMALIA,,,EX
Auriculella,Auriculella uniplicata,ACHATINELLIDAE,STYLOMMATOPHORA,GASTROPODA,MOLLUSCA,ANIMALIA,,,EX
Austrelaps,Austrelaps labialis,ELAPIDAE,SQUAMATA,REPTILIA,CHORDATA,ANIMALIA,,,VU
Austroassiminea,Austroassiminea letha,ASSIMINEIDAE,LITTORINIMORPHA,GASTROPODA,MOLLUSCA,ANIMALIA,,,EN
Austrochloritis,Austrochloritis ascensa,CAMAENIDAE,STYLOMMATOPHORA,GASTROPODA,MOLLUSCA,ANIMALIA,,,LR/nt
Protolinitis,Protolinitis pusilla,CAMAENIDAE,STYLOMMATOPHORA,GASTROPODA,MOLLUSCA,ANIMALIA,,,LR/nt
Austrocordulia,Austrocordulia leonardi,NOT ASSIGNED,ODONATA,INSECTA,ARTHROPODA,ANIMALIA,,,CR
Austrogammarus,Austrogammarus australis,PARAMELITIDAE,AMPHIPODA,MALACOSTRACA,ARTHROPODA,ANIMALIA,,,CR
Austroglanis,Austroglanis barnardi,AUSTROGLANIDIDAE,SILURIFORMES,ACTINOPTERYGII,CHORDATA,ANIMALIA,,,EN
Austroglanis,Austroglanis gilli,AUSTROGLANIDIDAE,SILURIFORMES,ACTINOPTERYGII,CHORDATA,ANIMALIA,,,NT
Austroglanis,Austroglanis sclateri,AUSTROGLANIDIDAE,SILURIFORMES,ACTINOPTERYGII,CHORDATA,ANIMALIA,,,LC
Austromenidia,Austromenidia gracilis,ATHERINIDAE,ATHERINIFORMES,ACTINOPTERYGII,CHORDATA,ANIMALIA,,,DD
Austropotamobius,Austropotamobius pallipes,ASTACIDAE,DECAPODA,MALACOSTRACA,ARTHROPODA,ANIMALIA,,,EN
Austropotamobius,Austropotamobius torrentium,ASTACIDAE,DECAPODA,MALACOSTRACA,ARTHROPODA,ANIMALIA,,,DD
Austrosaga,Austrosaga spinifer,TETTIGONIIDAE,ORTHOPTERA,INSECTA,ARTHROPODA,ANIMALIA,,,VU
Avahi,Avahi laniger,INDRIIDAE,PRIMATES,MAMMALIA,CHORDATA,ANIMALIA,,,VU
Avahi,Avahi occidentalis,INDRIIDAE,PRIMATES,MAMMALIA,CHORDATA,ANIMALIA,,,EN
Avenionia,Avenionia brevis,HYDROBIIDAE,LITTORINIMORPHA,GASTROPODA,MOLLUSCA,ANIMALIA,,,LC
Awalycaeus,Awalycaeus akiratadai,CYCLOPHORIDAE,ARCHITAENIOGLOSSA,GASTROPODA,MOLLUSCA,ANIMALIA,,,DD
Axis,Axis calamianensis,CERVIDAE,CETARTIODACTYLA,MAMMALIA,CHORDATA,ANIMALIA,,,EN
Axis,Axis kuhlii,CERVIDAE,CETARTIODACTYLA,MAMMALIA,CHORDATA,ANIMALIA,,,CR
Babyrousa,Babyrousa babyrussa,SUIDAE,CETARTIODACTYLA,MAMMALIA,CHORDATA,ANIMALIA,,,VU
Granulomelon,Granulomelon squamulosum,CAMAENIDAE,STYLOMMATOPHORA,GASTROPODA,MOLLUSCA,ANIMALIA,,,LR/nt
Baetica,Baetica ustulata,TETTIGONIIDAE,ORTHOPTERA,INSECTA,ARTHROPODA,ANIMALIA,,,EN
Baiomys,Baiomys musculus,CRICETIDAE,RODENTIA,MAMMALIA,CHORDATA,ANIMALIA,,,LC
Baiomys,Baiomys taylori,CRICETIDAE,RODENTIA,MAMMALIA,CHORDATA,ANIMALIA,,,LC
Balaena,Balaena mysticetus,BALAENIDAE,CETARTIODACTYLA,MAMMALIA,CHORDATA,ANIMALIA,,,LC
Balaena,Balaena mysticetus,BALAENIDAE,CETARTIODACTYLA,MAMMALIA,CHORDATA,ANIMALIA,,Bering-Chukchi-Beaufort Sea subpopulation,LR/cd
Balaena,Balaena mysticetus,BALAENIDAE,CETARTIODACTYLA,MAMMALIA,CHORDATA,ANIMALIA,,Okhotsk Sea subpopulation,EN
Balaena,Balaena mysticetus,BALAENIDAE,CETARTIODACTYLA,MAMMALIA,CHORDATA,ANIMALIA,,Svalbard-Barents Sea (Spitsbergen) subpopulation,CR
Balaenoptera,Balaenoptera acutorostrata,BALAENOPTERIDAE,CETARTIODACTYLA,MAMMALIA,CHORDATA,ANIMALIA,,,LC
Balaenoptera,Balaenoptera borealis,BALAENOPTERIDAE,CETARTIODACTYLA,MAMMALIA,CHORDATA,ANIMALIA,,,EN
Balaenoptera,Balaenoptera edeni,BALAENOPTERIDAE,CETARTIODACTYLA,MAMMALIA,CHORDATA,ANIMALIA,,,DD
Balaenoptera,Balaenoptera musculus,BALAENOPTERIDAE,CETARTIODACTYLA,MAMMALIA,CHORDATA,ANIMALIA,,,EN
Balaenoptera,Balaenoptera physalus,BALAENOPTERIDAE,CETARTIODACTYLA,MAMMALIA,CHORDATA,ANIMALIA,,,EN
Balaenoptera,Balaenoptera musculus ssp. brevicauda,BALAENOPTERIDAE,CETARTIODACTYLA,MAMMALIA,CHORDATA,ANIMALIA,brevicauda,,DD
Balaenoptera,Balaenoptera bonaerensis,BALAENOPTERIDAE,CETARTIODACTYLA,MAMMALIA,CHORDATA,ANIMALIA,,,DD
Balaenoptera,Balaenoptera musculus ssp. musculus,BALAENOPTERIDAE,CETARTIODACTYLA,MAMMALIA,CHORDATA,ANIMALIA,musculus,North Pacific stock,LR/cd
Balaenoptera,Balaenoptera musculus ssp. musculus,BALAENOPTERIDAE,CETARTIODACTYLA,MAMMALIA,CHORDATA,ANIMALIA,musculus,North Atlantic stock,VU
Balantiocheilos,Balantiocheilos melanopterus,CYPRINIDAE,CYPRINIFORMES,ACTINOPTERYGII,CHORDATA,ANIMALIA,,,EN
Balantiopteryx,Balantiopteryx infusca,EMBALLONURIDAE,CHIROPTERA,MAMMALIA,CHORDATA,ANIMALIA,,,VU
Balantiopteryx,Balantiopteryx io,EMBALLONURIDAE,CHIROPTERA,MAMMALIA,CHORDATA,ANIMALIA,,,VU
Balantiopteryx,Balantiopteryx plicata,EMBALLONURIDAE,CHIROPTERA,MAMMALIA,CHORDATA,ANIMALIA,,,LC
Balanus,Balanus aquila,BALANIDAE,SESSILIA,MAXILLOPODA,ARTHROPODA,ANIMALIA,,,DD
Balionycteris,Balionycteris maculata,PTEROPODIDAE,CHIROPTERA,MAMMALIA,CHORDATA,ANIMALIA,,,LC
Balistes,Balistes vetula,BALISTIDAE,TETRAODONTIFORMES,ACTINOPTERYGII,CHORDATA,ANIMALIA,,,NT
Bandicota,Bandicota bengalensis,MURIDAE,RODENTIA,MAMMALIA,CHORDATA,ANIMALIA,,,LC
Bandicota,Bandicota indica,MURIDAE,RODENTIA,MAMMALIA,CHORDATA,ANIMALIA,,,LC
Bandicota,Bandicota savilei,MURIDAE,RODENTIA,MAMMALIA,CHORDATA,ANIMALIA,,,LC
Banksula,Banksula melones,PHALANGODIDAE,OPILIONES,ARACHNIDA,ARTHROPODA,ANIMALIA,,,VU
Barbastella,Barbastella barbastellus,VESPERTILIONIDAE,CHIROPTERA,MAMMALIA,CHORDATA,ANIMALIA,,,NT
Barbouria,Barbouria cubensis,HIPPOLYTIDAE,DECAPODA,MALACOSTRACA,ARTHROPODA,ANIMALIA,,,CR
Pseudobarbus,Pseudobarbus capensis,CYPRINIDAE,CYPRINIFORMES,ACTINOPTERYGII,CHORDATA,ANIMALIA,,,EN
Barbus,Barbus barbus,CYPRINIDAE,CYPRINIFORMES,ACTINOPTERYGII,CHORDATA,ANIMALIA,,,LC
Pseudobarbus,Pseudobarbus calidus,CYPRINIDAE,CYPRINIFORMES,ACTINOPTERYGII,CHORDATA,ANIMALIA,,,NT
Pseudobarbus,Pseudobarbus erubescens,CYPRINIDAE,CYPRINIFORMES,ACTINOPTERYGII,CHORDATA,ANIMALIA,,,CR
Enteromius,Enteromius hospes,CYPRINIDAE,CYPRINIFORMES,ACTINOPTERYGII,CHORDATA,ANIMALIA,,,LC
Barbus,Barbus meridionalis,CYPRINIDAE,CYPRINIFORMES,ACTINOPTERYGII,CHORDATA,ANIMALIA,,,NT
Barbus,Barbus plebejus,CYPRINIDAE,CYPRINIFORMES,ACTINOPTERYGII,CHORDATA,ANIMALIA,,,LC
Pseudobarbus,Pseudobarbus serra,CYPRINIDAE,CYPRINIFORMES,ACTINOPTERYGII,CHORDATA,ANIMALIA,,,NT
Enteromius,Enteromius treurensis,CYPRINIDAE,CYPRINIFORMES,ACTINOPTERYGII,CHORDATA,ANIMALIA,,,CR
Barbus,Barbus trevelyani,CYPRINIDAE,CYPRINIFORMES,ACTINOPTERYGII,CHORDATA,ANIMALIA,,,EN
Enteromius,Enteromius brevipinnis,CYPRINIDAE,CYPRINIFORMES,ACTINOPTERYGII,CHORDATA,ANIMALIA,,,NT
Luciobarbus,Luciobarbus comizo,CYPRINIDAE,CYPRINIFORMES,ACTINOPTERYGII,CHORDATA,ANIMALIA,,,VU
Barbus,Barbus euboicus,CYPRINIDAE,CYPRINIFORMES,ACTINOPTERYGII,CHORDATA,ANIMALIA,,,CR
Luciobarbus,Luciobarbus guiraonis,CYPRINIDAE,CYPRINIFORMES,ACTINOPTERYGII,CHORDATA,ANIMALIA,,,VU
Barbus,Barbus haasi,CYPRINIDAE,CYPRINIFORMES,ACTINOPTERYGII,CHORDATA,ANIMALIA,,,VU
Luciobarbus,Luciobarbus microcephalus,CYPRINIDAE,CYPRINIFORMES,ACTINOPTERYGII,CHORDATA,ANIMALIA,,,VU
Enteromius,Enteromius motebensis,CYPRINIDAE,CYPRINIFORMES,ACTINOPTERYGII,CHORDATA,ANIMALIA,,,NT
Barbus,Barbus prespensis,CYPRINIDAE,CYPRINIFORMES,ACTINOPTERYGII,CHORDATA,ANIMALIA,,,LC
Luciobarbus,Luciobarbus bocagei,CYPRINIDAE,CYPRINIFORMES,ACTINOPTERYGII,CHORDATA,ANIMALIA,,,LC
Barbus,Barbus cyclolepis,CYPRINIDAE,CYPRINIFORMES,ACTINOPTERYGII,CHORDATA,ANIMALIA,,,LC
Luciobarbus,Luciobarbus graellsii,CYPRINIDAE,CYPRINIFORMES,ACTINOPTERYGII,CHORDATA,ANIMALIA,,,LC
Barbus,Barbus peloponnesius,CYPRINIDAE,CYPRINIFORMES,ACTINOPTERYGII,CHORDATA,ANIMALIA,,,LC
Luciobarbus,Luciobarbus sclateri,CYPRINIDAE,CYPRINIFORMES,ACTINOPTERYGII,CHORDATA,ANIMALIA,,,LC
Luciobarbus,Luciobarbus steindachneri,CYPRINIDAE,CYPRINIFORMES,ACTINOPTERYGII,CHORDATA,ANIMALIA,,,VU
Barbus,Barbus tyberinus,CYPRINIDAE,CYPRINIFORMES,ACTINOPTERYGII,CHORDATA,ANIMALIA,,,NT
Barbus,Barbus caninus,CYPRINIDAE,CYPRINIFORMES,ACTINOPTERYGII,CHORDATA,ANIMALIA,,,EN
Barkudia,Barkudia insularis,SCINCIDAE,SQUAMATA,REPTILIA,CHORDATA,ANIMALIA,,,CR
Baronia,Baronia brevicornis,PAPILIONIDAE,LEPIDOPTERA,INSECTA,ARTHROPODA,ANIMALIA,,,LR/nt
Basilichthys,Basilichthys australis,ATHERINOPSIDAE,ATHERINIFORMES,ACTINOPTERYGII,CHORDATA,ANIMALIA,,,LR/nt
Basilichthys,Basilichthys microlepidotus,ATHERINOPSIDAE,ATHERINIFORMES,ACTINOPTERYGII,CHORDATA,ANIMALIA,,,DD
Bassariscus,Bassariscus sumichrasti,PROCYONIDAE,CARNIVORA,MAMMALIA,CHORDATA,ANIMALIA,,,LC
Batagur,Batagur baska,GEOEMYDIDAE,TESTUDINES,REPTILIA,CHORDATA,ANIMALIA,,,CR
Bathanalia,Bathanalia howesi,PALUDOMIDAE,SORBEOCONCHA,GASTROPODA,MOLLUSCA,ANIMALIA,,,EN
Bathanalia,Bathanalia straeleni,PALUDOMIDAE,SORBEOCONCHA,GASTROPODA,MOLLUSCA,ANIMALIA,,,LC
Bathyergus,Bathyergus janetta,BATHYERGIDAE,RODENTIA,MAMMALIA,CHORDATA,ANIMALIA,,,LC
Bathyergus,Bathyergus suillus,BATHYERGIDAE,RODENTIA,MAMMALIA,CHORDATA,ANIMALIA,,,LC
Bathygobius,Bathygobius burtoni,GOBIIDAE,PERCIFORMES,ACTINOPTERYGII,CHORDATA,ANIMALIA,,,EN
Bathyraja,Bathyraja abyssicola,ARHYNCHOBATIDAE,RAJIFORMES,CHONDRICHTHYES,CHORDATA,ANIMALIA,,,DD
Batillaria,Batillaria mutata,BATILLARIDAE,SORBEOCONCHA,GASTROPODA,MOLLUSCA,ANIMALIA,,,DD
Batomys,Batomys dentatus,MURIDAE,RODENTIA,MAMMALIA,CHORDATA,ANIMALIA,,,DD
Batomys,Batomys salomonseni,MURIDAE,RODENTIA,MAMMALIA,CHORDATA,ANIMALIA,,,LC
Batrachoides,Batrachoides manglae,BATRACHOIDIDAE,BATRACHOIDIFORMES,ACTINOPTERYGII,CHORDATA,ANIMALIA,,,LC
Telmatobius,Telmatobius macrostomus,TELMATOBIIDAE,ANURA,AMPHIBIA,CHORDATA,ANIMALIA,,,EN
Batrachoseps,Batrachoseps simatus,PLETHODONTIDAE,CAUDATA,AMPHIBIA,CHORDATA,ANIMALIA,,,VU
Batrachoseps,Batrachoseps stebbinsi,PLETHODONTIDAE,CAUDATA,AMPHIBIA,CHORDATA,ANIMALIA,,,VU
Batrachoseps,Batrachoseps campi,PLETHODONTIDAE,CAUDATA,AMPHIBIA,CHORDATA,ANIMALIA,,,EN
Batrachoseps,Batrachoseps relictus,PLETHODONTIDAE,CAUDATA,AMPHIBIA,CHORDATA,ANIMALIA,,,DD
Afghanodon,Afghanodon mustersi,HYNOBIIDAE,CAUDATA,AMPHIBIA,CHORDATA,ANIMALIA,,,CR
Iranodon,Iranodon persicus,HYNOBIIDAE,CAUDATA,AMPHIBIA,CHORDATA,ANIMALIA,,,NT
Iranodon,Iranodon gorganensis,HYNOBIIDAE,CAUDATA,AMPHIBIA,CHORDATA,ANIMALIA,,,CR
Battus,Battus zetides,PAPILIONIDAE,LEPIDOPTERA,INSECTA,ARTHROPODA,ANIMALIA,,,VU
Baudinella,Baudinella baudinensis,CAMAENIDAE,STYLOMMATOPHORA,GASTROPODA,MOLLUSCA,ANIMALIA,,,LR/nt
Bayadera,Bayadera ishigakiana,EUPHAEIDAE,ODONATA,INSECTA,ARTHROPODA,ANIMALIA,,,EN
Bdeogale,Bdeogale jacksoni,HERPESTIDAE,CARNIVORA,MAMMALIA,CHORDATA,ANIMALIA,,,NT
Beamys,Beamys hindei,NESOMYIDAE,RODENTIA,MAMMALIA,CHORDATA,ANIMALIA,,,LC
Beckianum,Beckianum sinistrum,SUBULINIDAE,STYLOMMATOPHORA,GASTROPODA,MOLLUSCA,ANIMALIA,,,LR/nt
Beddomeia,Beddomeia angulata,HYDROBIIDAE,LITTORINIMORPHA,GASTROPODA,MOLLUSCA,ANIMALIA,,,VU
Beddomeia,Beddomeia averni,HYDROBIIDAE,LITTORINIMORPHA,GASTROPODA,MOLLUSCA,ANIMALIA,,,VU
Beddomeia,Beddomeia bellii,HYDROBIIDAE,LITTORINIMORPHA,GASTROPODA,MOLLUSCA,ANIMALIA,,,VU
Beddomeia,Beddomeia bowryensis,HYDROBIIDAE,LITTORINIMORPHA,GASTROPODA,MOLLUSCA,ANIMALIA,,,VU
Beddomeia,Beddomeia briansmithi,HYDROBIIDAE,LITTORINIMORPHA,GASTROPODA,MOLLUSCA,ANIMALIA,,,VU
Beddomeia,Beddomeia camensis,HYDROBIIDAE,LITTORINIMORPHA,GASTROPODA,MOLLUSCA,ANIMALIA,,,VU
Beddomeia,Beddomeia capensis,HYDROBIIDAE,LITTORINIMORPHA,GASTROPODA,MOLLUSCA,ANIMALIA,,,EN
Beddomeia,Beddomeia fallax,HYDROBIIDAE,LITTORINIMORPHA,GASTROPODA,MOLLUSCA,ANIMALIA,,,EN
Beddomeia,Beddomeia forthensis,HYDROBIIDAE,LITTORINIMORPHA,GASTROPODA,MOLLUSCA,ANIMALIA,,,VU
Beddomeia,Beddomeia franklandensis,HYDROBIIDAE,LITTORINIMORPHA,GASTROPODA,MOLLUSCA,ANIMALIA,,,VU
Beddomeia,Beddomeia fromensis,HYDROBIIDAE,LITTORINIMORPHA,GASTROPODA,MOLLUSCA,ANIMALIA,,,VU
Beddomeia,Beddomeia fultoni,HYDROBIIDAE,LITTORINIMORPHA,GASTROPODA,MOLLUSCA,ANIMALIA,,,VU
Beddomeia,Beddomeia gibba,HYDROBIIDAE,LITTORINIMORPHA,GASTROPODA,MOLLUSCA,ANIMALIA,,,VU
Beddomeia,Beddomeia hallae,HYDROBIIDAE,LITTORINIMORPHA,GASTROPODA,MOLLUSCA,ANIMALIA,,,VU
Beddomeia,Beddomeia hullii,HYDROBIIDAE,LITTORINIMORPHA,GASTROPODA,MOLLUSCA,ANIMALIA,,,VU
Beddomeia,Beddomeia inflata,HYDROBIIDAE,LITTORINIMORPHA,GASTROPODA,MOLLUSCA,ANIMALIA,,,VU
Beddomeia,Beddomeia kershawi,HYDROBIIDAE,LITTORINIMORPHA,GASTROPODA,MOLLUSCA,ANIMALIA,,,VU
Beddomeia,Beddomeia kessneri,HYDROBIIDAE,LITTORINIMORPHA,GASTROPODA,MOLLUSCA,ANIMALIA,,,VU
Beddomeia,Beddomeia krybetes,HYDROBIIDAE,LITTORINIMORPHA,GASTROPODA,MOLLUSCA,ANIMALIA,,,VU
Beddomeia,Beddomeia launcestonensis,HYDROBIIDAE,LITTORINIMORPHA,GASTROPODA,MOLLUSCA,ANIMALIA,,,VU
Beddomeia,Beddomeia lodderae,HYDROBIIDAE,LITTORINIMORPHA,GASTROPODA,MOLLUSCA,ANIMALIA,,,VU
Beddomeia,Beddomeia mesibovi,HYDROBIIDAE,LITTORINIMORPHA,GASTROPODA,MOLLUSCA,ANIMALIA,,,VU
Beddomeia,Beddomeia minima,HYDROBIIDAE,LITTORINIMORPHA,GASTROPODA,MOLLUSCA,ANIMALIA,,,VU
Beddomeia,Beddomeia petterdi,HYDROBIIDAE,LITTORINIMORPHA,GASTROPODA,MOLLUSCA,ANIMALIA,,,VU
Beddomeia,Beddomeia phasianella,HYDROBIIDAE,LITTORINIMORPHA,GASTROPODA,MOLLUSCA,ANIMALIA,,,VU
Beddomeia,Beddomeia protuberata,HYDROBIIDAE,LITTORINIMORPHA,GASTROPODA,MOLLUSCA,ANIMALIA,,,VU
Beddomeia,Beddomeia ronaldi,HYDROBIIDAE,LITTORINIMORPHA,GASTROPODA,MOLLUSCA,ANIMALIA,,,VU
Beddomeia,Beddomeia salmonis,HYDROBIIDAE,LITTORINIMORPHA,GASTROPODA,MOLLUSCA,ANIMALIA,,,VU
Beddomeia,Beddomeia tasmanica,HYDROBIIDAE,LITTORINIMORPHA,GASTROPODA,MOLLUSCA,ANIMALIA,,,VU
Beddomeia,Beddomeia topsiae,HYDROBIIDAE,LITTORINIMORPHA,GASTROPODA,MOLLUSCA,ANIMALIA,,,VU
Beddomeia,Beddomeia trochiformis,HYDROBIIDAE,LITTORINIMORPHA,GASTROPODA,MOLLUSCA,ANIMALIA,,,LC
Beddomeia,Beddomeia tumida,HYDROBIIDAE,LITTORINIMORPHA,GASTROPODA,MOLLUSCA,ANIMALIA,,,CR
Beddomeia,Beddomeia turnerae,HYDROBIIDAE,LITTORINIMORPHA,GASTROPODA,MOLLUSCA,ANIMALIA,,,VU
Beddomeia,Beddomeia waterhouseae,HYDROBIIDAE,LITTORINIMORPHA,GASTROPODA,MOLLUSCA,ANIMALIA,,,VU
Beddomeia,Beddomeia wilmotensis,HYDROBIIDAE,LITTORINIMORPHA,GASTROPODA,MOLLUSCA,ANIMALIA,,,VU
Beddomeia,Beddomeia wiseae,HYDROBIIDAE,LITTORINIMORPHA,GASTROPODA,MOLLUSCA,ANIMALIA,,,VU
Beddomeia,Beddomeia zeehanensis,HYDROBIIDAE,LITTORINIMORPHA,GASTROPODA,MOLLUSCA,ANIMALIA,,,VU
Bedotia,Bedotia geayi,BEDOTIIDAE,ATHERINIFORMES,ACTINOPTERYGII,CHORDATA,ANIMALIA,,,EN
Bedotia,Bedotia longianalis,BEDOTIIDAE,ATHERINIFORMES,ACTINOPTERYGII,CHORDATA,ANIMALIA,,,EN
Bedotia,Bedotia madagascariensis,BEDOTIIDAE,ATHERINIFORMES,ACTINOPTERYGII,CHORDATA,ANIMALIA,,,EN
Bedotia,Bedotia tricolor,BEDOTIIDAE,ATHERINIFORMES,ACTINOPTERYGII,CHORDATA,ANIMALIA,,,CR
Alzoniella,Alzoniella pyrenaica,HYDROBIIDAE,LITTORINIMORPHA,GASTROPODA,MOLLUSCA,ANIMALIA,,,DD
Belgrandiella,Belgrandiella austriana,HYDROBIIDAE,LITTORINIMORPHA,GASTROPODA,MOLLUSCA,ANIMALIA,,,CR
Belgrandiella,Belgrandiella fuchsi,HYDROBIIDAE,LITTORINIMORPHA,GASTROPODA,MOLLUSCA,ANIMALIA,,,VU
Belgrandiella,Belgrandiella parreyssii,HYDROBIIDAE,LITTORINIMORPHA,GASTROPODA,MOLLUSCA,ANIMALIA,,,CR
Belgrandiella,Belgrandiella styriaca,HYDROBIIDAE,LITTORINIMORPHA,GASTROPODA,MOLLUSCA,ANIMALIA,,,CR
Belgrandiella,Belgrandiella ganslmayri,HYDROBIIDAE,LITTORINIMORPHA,GASTROPODA,MOLLUSCA,ANIMALIA,,,CR
Belgrandiella,Belgrandiella intermedia,HYDROBIIDAE,LITTORINIMORPHA,GASTROPODA,MOLLUSCA,ANIMALIA,,,EX
Belgrandiella,Belgrandiella mimula,HYDROBIIDAE,LITTORINIMORPHA,GASTROPODA,MOLLUSCA,ANIMALIA,,,CR
Belgrandiella,Belgrandiella pelerei,HYDROBIIDAE,LITTORINIMORPHA,GASTROPODA,MOLLUSCA,ANIMALIA,,,CR
Belgrandiella,Belgrandiella wawrai,HYDROBIIDAE,LITTORINIMORPHA,GASTROPODA,MOLLUSCA,ANIMALIA,,,EN
Bellamya,Bellamya contracta,VIVIPARIDAE,ARCHITAENIOGLOSSA,GASTROPODA,MOLLUSCA,ANIMALIA,,,EN
Bellamya,Bellamya crawshayi,VIVIPARIDAE,ARCHITAENIOGLOSSA,GASTROPODA,MOLLUSCA,ANIMALIA,,,EN
Bellamya,Bellamya ecclesi,VIVIPARIDAE,ARCHITAENIOGLOSSA,GASTROPODA,MOLLUSCA,ANIMALIA,,,DD
Bellamya,Bellamya jeffreysi,VIVIPARIDAE,ARCHITAENIOGLOSSA,GASTROPODA,MOLLUSCA,ANIMALIA,,,DD
Bellamya,Bellamya leopoldvillensis,VIVIPARIDAE,ARCHITAENIOGLOSSA,GASTROPODA,MOLLUSCA,ANIMALIA,,,DD
Bellamya,Bellamya liberiana,VIVIPARIDAE,ARCHITAENIOGLOSSA,GASTROPODA,MOLLUSCA,ANIMALIA,,,CR
Bellamya,Bellamya monardi,VIVIPARIDAE,ARCHITAENIOGLOSSA,GASTROPODA,MOLLUSCA,ANIMALIA,,,NT
Bellamya,Bellamya mweruensis,VIVIPARIDAE,ARCHITAENIOGLOSSA,GASTROPODA,MOLLUSCA,ANIMALIA,,,CR
Bellamya,Bellamya pagodiformis,VIVIPARIDAE,ARCHITAENIOGLOSSA,GASTROPODA,MOLLUSCA,ANIMALIA,,,CR
Bellamya,Bellamya phthinotropis,VIVIPARIDAE,ARCHITAENIOGLOSSA,GASTROPODA,MOLLUSCA,ANIMALIA,,,CR
Bellamya,Bellamya robertsoni,VIVIPARIDAE,ARCHITAENIOGLOSSA,GASTROPODA,MOLLUSCA,ANIMALIA,,,EN
Bellamya,Bellamya rubicunda,VIVIPARIDAE,ARCHITAENIOGLOSSA,GASTROPODA,MOLLUSCA,ANIMALIA,,,NT
Bellamya,Bellamya trochlearis,VIVIPARIDAE,ARCHITAENIOGLOSSA,GASTROPODA,MOLLUSCA,ANIMALIA,,,DD
Belocephalus,Belocephalus micanopy,TETTIGONIIDAE,ORTHOPTERA,INSECTA,ARTHROPODA,ANIMALIA,,,VU
Belocephalus,Belocephalus sleighti,TETTIGONIIDAE,ORTHOPTERA,INSECTA,ARTHROPODA,ANIMALIA,,,VU
Belomys,Belomys pearsonii,SCIURIDAE,RODENTIA,MAMMALIA,CHORDATA,ANIMALIA,,,DD
Belontia,Belontia signata,OSPHRONEMIDAE,PERCIFORMES,ACTINOPTERYGII,CHORDATA,ANIMALIA,,,LR/cd
Benthophiloides,Benthophiloides brauneri,GOBIIDAE,PERCIFORMES,ACTINOPTERYGII,CHORDATA,ANIMALIA,,,DD
Berardius,Berardius arnuxii,ZIPHIIDAE,CETARTIODACTYLA,MAMMALIA,CHORDATA,ANIMALIA,,,DD
Berardius,Berardius bairdii,ZIPHIIDAE,CETARTIODACTYLA,MAMMALIA,CHORDATA,ANIMALIA,,,DD
Bermudalana,Bermudalana aruboides,CIROLANIDAE,ISOPODA,MALACOSTRACA,ARTHROPODA,ANIMALIA,,,CR
Bermudamysis,Bermudamysis speluncola,MYSIDAE,MYSIDA,MALACOSTRACA,ARTHROPODA,ANIMALIA,,,CR
Berylmys,Berylmys berdmorei,MURIDAE,RODENTIA,MAMMALIA,CHORDATA,ANIMALIA,,,LC
Berylmys,Berylmys bowersi,MURIDAE,RODENTIA,MAMMALIA,CHORDATA,ANIMALIA,,,LC
Berylmys,Berylmys mackenziei,MURIDAE,RODENTIA,MAMMALIA,CHORDATA,ANIMALIA,,,DD
Berylmys,Berylmys manipulus,MURIDAE,RODENTIA,MAMMALIA,CHORDATA,ANIMALIA,,,DD
Betta,Betta burdigala,OSPHRONEMIDAE,PERCIFORMES,ACTINOPTERYGII,CHORDATA,ANIMALIA,,,VU
Betta,Betta chloropharynx,OSPHRONEMIDAE,PERCIFORMES,ACTINOPTERYGII,CHORDATA,ANIMALIA,,,VU
Betta,Betta hipposideros,OSPHRONEMIDAE,PERCIFORMES,ACTINOPTERYGII,CHORDATA,ANIMALIA,,,VU
Betta,Betta livida,OSPHRONEMIDAE,PERCIFORMES,ACTINOPTERYGII,CHORDATA,ANIMALIA,,,EN
Betta,Betta spilotogena,OSPHRONEMIDAE,PERCIFORMES,ACTINOPTERYGII,CHORDATA,ANIMALIA,,,CR
Betta,Betta simplex,OSPHRONEMIDAE,PERCIFORMES,ACTINOPTERYGII,CHORDATA,ANIMALIA,,,CR
Betta,Betta tomi,OSPHRONEMIDAE,PERCIFORMES,ACTINOPTERYGII,CHORDATA,ANIMALIA,,,VU
Betta,Betta persephone,OSPHRONEMIDAE,PERCIFORMES,ACTINOPTERYGII,CHORDATA,ANIMALIA,,,CR
Betta,Betta miniopinna,OSPHRONEMIDAE,PERCIFORMES,ACTINOPTERYGII,CHORDATA,ANIMALIA,,,CR
Betta,Betta chini,OSPHRONEMIDAE,PERCIFORMES,ACTINOPTERYGII,CHORDATA,ANIMALIA,,,VU
Betta,Betta macrostoma,OSPHRONEMIDAE,PERCIFORMES,ACTINOPTERYGII,CHORDATA,ANIMALIA,,,VU
Bettongia,Bettongia gaimardi,POTOROIDAE,DIPROTODONTIA,MAMMALIA,CHORDATA,ANIMALIA,,,NT
Bettongia,Bettongia lesueur,POTOROIDAE,DIPROTODONTIA,MAMMALIA,CHORDATA,ANIMALIA,,,NT
Bettongia,Bettongia penicillata,POTOROIDAE,DIPROTODONTIA,MAMMALIA,CHORDATA,ANIMALIA,,,CR
Bettongia,Bettongia tropica,POTOROIDAE,DIPROTODONTIA,MAMMALIA,CHORDATA,ANIMALIA,,,EN
Bhutanitis,Bhutanitis ludlowi,PAPILIONIDAE,LEPIDOPTERA,INSECTA,ARTHROPODA,ANIMALIA,,,VU
Bhutanitis,Bhutanitis mansfieldi,PAPILIONIDAE,LEPIDOPTERA,INSECTA,ARTHROPODA,ANIMALIA,,,DD
Bhutanitis,Bhutanitis thaidina,PAPILIONIDAE,LEPIDOPTERA,INSECTA,ARTHROPODA,ANIMALIA,,,LR/lc
Bibimys,Bibimys chacoensis,CRICETIDAE,RODENTIA,MAMMALIA,CHORDATA,ANIMALIA,,,LC
Bibimys,Bibimys labiosus,CRICETIDAE,RODENTIA,MAMMALIA,CHORDATA,ANIMALIA,,,LC
Bibimys,Bibimys torresi,CRICETIDAE,RODENTIA,MAMMALIA,CHORDATA,ANIMALIA,,,NT
Bidyanus,Bidyanus bidyanus,TERAPONTIDAE,PERCIFORMES,ACTINOPTERYGII,CHORDATA,ANIMALIA,,,VU
Tetrix,Tetrix transsylvanica,TETRIGIDAE,ORTHOPTERA,INSECTA,ARTHROPODA,ANIMALIA,,,EN
Binneya,Binneya notabilis,ARIONIDAE,STYLOMMATOPHORA,GASTROPODA,MOLLUSCA,ANIMALIA,,,DD
Biomphalaria,Biomphalaria angulosa,PLANORBIDAE,HYGROPHILA,GASTROPODA,MOLLUSCA,ANIMALIA,,,LC
Biomphalaria,Biomphalaria barthi,PLANORBIDAE,HYGROPHILA,GASTROPODA,MOLLUSCA,ANIMALIA,,,DD
Biomphalaria,Biomphalaria salinarum,PLANORBIDAE,HYGROPHILA,GASTROPODA,MOLLUSCA,ANIMALIA,,,DD
Biomphalaria,Biomphalaria tchadiensis,PLANORBIDAE,HYGROPHILA,GASTROPODA,MOLLUSCA,ANIMALIA,,,EN
Birgus,Birgus latro,COENOBITIDAE,DECAPODA,MALACOSTRACA,ARTHROPODA,ANIMALIA,,,DD
Bischoffena,Bischoffena bischoffensis,CHAROPIDAE,STYLOMMATOPHORA,GASTROPODA,MOLLUSCA,ANIMALIA,,,DD
Bison,Bison bonasus,BOVIDAE,CETARTIODACTYLA,MAMMALIA,CHORDATA,ANIMALIA,,,VU
Bison,Bison bison,BOVIDAE,CETARTIODACTYLA,MAMMALIA,CHORDATA,ANIMALIA,,,NT
Biswamoyopterus,Biswamoyopterus biswasi,SCIURIDAE,RODENTIA,MAMMALIA,CHORDATA,ANIMALIA,,,CR
Bitis,Bitis inornata,VIPERIDAE,SQUAMATA,REPTILIA,CHORDATA,ANIMALIA,,,EN
Bitis,Bitis schneideri,VIPERIDAE,SQUAMATA,REPTILIA,CHORDATA,ANIMALIA,,,VU
Blanfordimys,Blanfordimys afghanus,CRICETIDAE,RODENTIA,MAMMALIA,CHORDATA,ANIMALIA,,,LC
Blanfordimys,Blanfordimys bucharensis,CRICETIDAE,RODENTIA,MAMMALIA,CHORDATA,ANIMALIA,,,LC
Blarinella,Blarinella wardi,SORICIDAE,EULIPOTYPHLA,MAMMALIA,CHORDATA,ANIMALIA,,,LC
Blarinomys,Blarinomys breviceps,CRICETIDAE,RODENTIA,MAMMALIA,CHORDATA,ANIMALIA,,,LC
Blastocerus,Blastocerus dichotomus,CERVIDAE,CETARTIODACTYLA,MAMMALIA,CHORDATA,ANIMALIA,,,VU
Boeckella,Boeckella nyoraensis,CENTROPAGIDAE,CALANOIDA,MAXILLOPODA,ARTHROPODA,ANIMALIA,,,VU
Boeckella,Boeckella bispinosa,CENTROPAGIDAE,CALANOIDA,MAXILLOPODA,ARTHROPODA,ANIMALIA,,,VU
Boeckella,Boeckella calcaris,CENTROPAGIDAE,CALANOIDA,MAXILLOPODA,ARTHROPODA,ANIMALIA,,,VU
Boeckella,Boeckella geniculata,CENTROPAGIDAE,CALANOIDA,MAXILLOPODA,ARTHROPODA,ANIMALIA,,,VU
Boeckella,Boeckella shieli,CENTROPAGIDAE,CALANOIDA,MAXILLOPODA,ARTHROPODA,ANIMALIA,,,VU
Boettgeria,Boettgeria obesiuscula,CLAUSILIIDAE,STYLOMMATOPHORA,GASTROPODA,MOLLUSCA,ANIMALIA,,,CR
Bofilliella,Bofilliella subarcuata,CLAUSILIIDAE,STYLOMMATOPHORA,GASTROPODA,MOLLUSCA,ANIMALIA,,,NT
Bogidiella,Bogidiella bermudensis,BOGIDIELLIDAE,AMPHIPODA,MALACOSTRACA,ARTHROPODA,ANIMALIA,,,CR
Necromys,Necromys amoenus,CRICETIDAE,RODENTIA,MAMMALIA,CHORDATA,ANIMALIA,,,LC
Necromys,Necromys lactens,CRICETIDAE,RODENTIA,MAMMALIA,CHORDATA,ANIMALIA,,,LC
Necromys,Necromys lasiurus,CRICETIDAE,RODENTIA,MAMMALIA,CHORDATA,ANIMALIA,,,LC
Necromys,Necromys obscurus,CRICETIDAE,RODENTIA,MAMMALIA,CHORDATA,ANIMALIA,,,NT
Necromys,Necromys punctulatus,CRICETIDAE,RODENTIA,MAMMALIA,CHORDATA,ANIMALIA,,,DD
Necromys,Necromys temchuki,CRICETIDAE,RODENTIA,MAMMALIA,CHORDATA,ANIMALIA,,,LC
Boloria,Boloria acrocnema,NYMPHALIDAE,LEPIDOPTERA,INSECTA,ARTHROPODA,ANIMALIA,,,VU
Bolyeria,Bolyeria multocarinata,BOLYERIDAE,SQUAMATA,REPTILIA,CHORDATA,ANIMALIA,,,EX
Bombina,Bombina bombina,BOMBINATORIDAE,ANURA,AMPHIBIA,CHORDATA,ANIMALIA,,,LC
Boninagrion,Boninagrion ezoin,COENAGRIONIDAE,ODONATA,INSECTA,ARTHROPODA,ANIMALIA,,,CR
Boninena,Boninena callistoderma,ORTHALICIDAE,STYLOMMATOPHORA,GASTROPODA,MOLLUSCA,ANIMALIA,,,EN
Boninena,Boninena hiraseana,ORTHALICIDAE,STYLOMMATOPHORA,GASTROPODA,MOLLUSCA,ANIMALIA,,,EN
Boninena,Boninena ogasawarae,ORTHALICIDAE,STYLOMMATOPHORA,GASTROPODA,MOLLUSCA,ANIMALIA,,,EN
Boninosuccinea,Boninosuccinea ogasawarae,SUCCINEIDAE,STYLOMMATOPHORA,GASTROPODA,MOLLUSCA,ANIMALIA,,,VU
Boninosuccinea,Boninosuccinea punctulispira,SUCCINEIDAE,STYLOMMATOPHORA,GASTROPODA,MOLLUSCA,ANIMALIA,,,VU
Boninthemis,Boninthemis insularis,LIBELLULIDAE,ODONATA,INSECTA,ARTHROPODA,ANIMALIA,,,CR
Boroda,Boroda expatria,ELEOTRIDAE,PERCIFORMES,ACTINOPTERYGII,CHORDATA,ANIMALIA,,,VU
Boromys,Boromys offella,ECHIMYIDAE,RODENTIA,MAMMALIA,CHORDATA,ANIMALIA,,,EX
Boromys,Boromys torrei,ECHIMYIDAE,RODENTIA,MAMMALIA,CHORDATA,ANIMALIA,,,EX
Bos,Bos javanicus,BOVIDAE,CETARTIODACTYLA,MAMMALIA,CHORDATA,ANIMALIA,,,EN
Bos,Bos sauveli,BOVIDAE,CETARTIODACTYLA,MAMMALIA,CHORDATA,ANIMALIA,,,CR
Bos,Bos gaurus,BOVIDAE,CETARTIODACTYLA,MAMMALIA,CHORDATA,ANIMALIA,,,VU
Bos,Bos mutus,BOVIDAE,CETARTIODACTYLA,MAMMALIA,CHORDATA,ANIMALIA,,,VU
Boselaphus,Boselaphus tragocamelus,BOVIDAE,CETARTIODACTYLA,MAMMALIA,CHORDATA,ANIMALIA,,,LC
Bostrichthys,Bostrichthys aruensis,ELEOTRIDAE,PERCIFORMES,ACTINOPTERYGII,CHORDATA,ANIMALIA,,,DD
Bostrychus,Bostrychus zonatus,ELEOTRIDAE,PERCIFORMES,ACTINOPTERYGII,CHORDATA,ANIMALIA,,,DD
Bothriembryon,Bothriembryon brazieri,ORTHALICIDAE,STYLOMMATOPHORA,GASTROPODA,MOLLUSCA,ANIMALIA,,,VU
Bothriembryon,Bothriembryon glauerti,ORTHALICIDAE,STYLOMMATOPHORA,GASTROPODA,MOLLUSCA,ANIMALIA,,,VU
Bothriembryon,Bothriembryon irvineanus,ORTHALICIDAE,STYLOMMATOPHORA,GASTROPODA,MOLLUSCA,ANIMALIA,,,VU
Bothriembryon,Bothriembryon praecelcus,ORTHALICIDAE,STYLOMMATOPHORA,GASTROPODA,MOLLUSCA,ANIMALIA,,,EN
Bothriembryon,Bothriembryon spenceri,ORTHALICIDAE,STYLOMMATOPHORA,GASTROPODA,MOLLUSCA,ANIMALIA,,,VU
Bothriembryon,Bothriembryon bradshaweri,ORTHALICIDAE,STYLOMMATOPHORA,GASTROPODA,MOLLUSCA,ANIMALIA,,,VU
Bothriembryon,Bothriembryon perobesus,ORTHALICIDAE,STYLOMMATOPHORA,GASTROPODA,MOLLUSCA,ANIMALIA,,,EN
Bothriembryon,Bothriembryon whitleyi,ORTHALICIDAE,STYLOMMATOPHORA,GASTROPODA,MOLLUSCA,ANIMALIA,,,VU
Bothrops,Bothrops insularis,VIPERIDAE,SQUAMATA,REPTILIA,CHORDATA,ANIMALIA,,,CR
Yasuhikotakia,Yasuhikotakia sidthimunki,COBITIDAE,CYPRINIFORMES,ACTINOPTERYGII,CHORDATA,ANIMALIA,,,EN
Brachiones,Brachiones przewalskii,MURIDAE,RODENTIA,MAMMALIA,CHORDATA,ANIMALIA,,,LC
Brachionichthys,Brachionichthys hirsutus,BRACHIONICHTHYIDAE,LOPHIIFORMES,ACTINOPTERYGII,CHORDATA,ANIMALIA,,,CR
Brachygalaxias,Brachygalaxias bullocki,GALAXIIDAE,OSMERIFORMES,ACTINOPTERYGII,CHORDATA,ANIMALIA,,,DD
Brachygalaxias,Brachygalaxias gothei,GALAXIIDAE,OSMERIFORMES,ACTINOPTERYGII,CHORDATA,ANIMALIA,,,DD
Brachylagus,Brachylagus idahoensis,LEPORIDAE,LAGOMORPHA,MAMMALIA,CHORDATA,ANIMALIA,,,LC
Brachylophus,Brachylophus vitiensis,IGUANIDAE,SQUAMATA,REPTILIA,CHORDATA,ANIMALIA,,,CR
Brachyphylla,Brachyphylla cavernarum,PHYLLOSTOMIDAE,CHIROPTERA,MAMMALIA,CHORDATA,ANIMALIA,,,LC
Brachyphylla,Brachyphylla nana,PHYLLOSTOMIDAE,CHIROPTERA,MAMMALIA,CHORDATA,ANIMALIA,,,LC
Brachytarsomys,Brachytarsomys albicauda,NESOMYIDAE,RODENTIA,MAMMALIA,CHORDATA,ANIMALIA,,,LC
Brachyteles,Brachyteles arachnoides,ATELIDAE,PRIMATES,MAMMALIA,CHORDATA,ANIMALIA,,,EN
Brachyteles,Brachyteles hypoxanthus,ATELIDAE,PRIMATES,MAMMALIA,CHORDATA,ANIMALIA,,,CR
Brachythemis,Brachythemis fuscopalliata,LIBELLULIDAE,ODONATA,INSECTA,ARTHROPODA,ANIMALIA,,,VU
Brachyuromys,Brachyuromys betsileoensis,NESOMYIDAE,RODENTIA,MAMMALIA,CHORDATA,ANIMALIA,,,LC
Brachyuromys,Brachyuromys ramirohitra,NESOMYIDAE,RODENTIA,MAMMALIA,CHORDATA,ANIMALIA,,,LC
Bradypodion,Bradypodion nemorale,CHAMAELEONIDAE,SQUAMATA,REPTILIA,CHORDATA,ANIMALIA,,,NT
Bradypodion,Bradypodion setaroi,CHAMAELEONIDAE,SQUAMATA,REPTILIA,CHORDATA,ANIMALIA,,,LC
Bradypodion,Bradypodion thamnobates,CHAMAELEONIDAE,SQUAMATA,REPTILIA,CHORDATA,ANIMALIA,,,VU
Bradypodion,Bradypodion taeniabronchum,CHAMAELEONIDAE,SQUAMATA,REPTILIA,CHORDATA,ANIMALIA,,,EN
Bradypus,Bradypus torquatus,BRADYPODIDAE,PILOSA,MAMMALIA,CHORDATA,ANIMALIA,,,VU
Bradypus,Bradypus tridactylus,BRADYPODIDAE,PILOSA,MAMMALIA,CHORDATA,ANIMALIA,,,LC
Bradypus,Bradypus variegatus,BRADYPODIDAE,PILOSA,MAMMALIA,CHORDATA,ANIMALIA,,,LC
Branchinecta,Branchinecta gigas,BRANCHINECTIDAE,ANOSTRACA,BRANCHIOPODA,ARTHROPODA,ANIMALIA,,,LR/lc
Branchinecta,Branchinecta belki,BRANCHINECTIDAE,ANOSTRACA,BRANCHIOPODA,ARTHROPODA,ANIMALIA,,,CR
Branchinecta,Branchinecta mexicana,BRANCHINECTIDAE,ANOSTRACA,BRANCHIOPODA,ARTHROPODA,ANIMALIA,,,CR
Branchinecta,Branchinecta conservatio,BRANCHINECTIDAE,ANOSTRACA,BRANCHIOPODA,ARTHROPODA,ANIMALIA,,,EN
Branchinecta,Branchinecta longiantenna,BRANCHINECTIDAE,ANOSTRACA,BRANCHIOPODA,ARTHROPODA,ANIMALIA,,,EN
Branchinecta,Branchinecta lynchi,BRANCHINECTIDAE,ANOSTRACA,BRANCHIOPODA,ARTHROPODA,ANIMALIA,,,VU
Branchinecta,Branchinecta sandiegonensis,BRANCHINECTIDAE,ANOSTRACA,BRANCHIOPODA,ARTHROPODA,ANIMALIA,,,EN
Branchinella,Branchinella apophysata,THAMNOCEPHALIDAE,ANOSTRACA,BRANCHIOPODA,ARTHROPODA,ANIMALIA,,,VU
Branchinella,Branchinella basispina,THAMNOCEPHALIDAE,ANOSTRACA,BRANCHIOPODA,ARTHROPODA,ANIMALIA,,,VU
Branchinella,Branchinella denticulata,THAMNOCEPHALIDAE,ANOSTRACA,BRANCHIOPODA,ARTHROPODA,ANIMALIA,,,VU
Branchinella,Branchinella simplex,THAMNOCEPHALIDAE,ANOSTRACA,BRANCHIOPODA,ARTHROPODA,ANIMALIA,,,VU
Branchinella,Branchinella wellardi,THAMNOCEPHALIDAE,ANOSTRACA,BRANCHIOPODA,ARTHROPODA,ANIMALIA,,,VU
Branchinella,Branchinella alachua,THAMNOCEPHALIDAE,ANOSTRACA,BRANCHIOPODA,ARTHROPODA,ANIMALIA,,,EN
Branchinella,Branchinella lithaca,THAMNOCEPHALIDAE,ANOSTRACA,BRANCHIOPODA,ARTHROPODA,ANIMALIA,,,CR
Brazieria,Brazieria entomostoma,ZONITIDAE,STYLOMMATOPHORA,GASTROPODA,MOLLUSCA,ANIMALIA,,,DD
Brazieria,Brazieria erasa,ZONITIDAE,STYLOMMATOPHORA,GASTROPODA,MOLLUSCA,ANIMALIA,,,DD
Brazieria,Brazieria lutaria,ZONITIDAE,STYLOMMATOPHORA,GASTROPODA,MOLLUSCA,ANIMALIA,,,DD
Brazieria,Brazieria minuscula,ZONITIDAE,STYLOMMATOPHORA,GASTROPODA,MOLLUSCA,ANIMALIA,,,DD
Brazieria,Brazieria obesa,ZONITIDAE,STYLOMMATOPHORA,GASTROPODA,MOLLUSCA,ANIMALIA,,,DD
Brazieria,Brazieria velata,ZONITIDAE,STYLOMMATOPHORA,GASTROPODA,MOLLUSCA,ANIMALIA,,,DD
Brennania,Brennania belkini,TABANIDAE,DIPTERA,INSECTA,ARTHROPODA,ANIMALIA,,,VU
Breviceps,Breviceps gibbosus,BREVICIPITIDAE,ANURA,AMPHIBIA,CHORDATA,ANIMALIA,,,NT
Breviceps,Breviceps macrops,BREVICIPITIDAE,ANURA,AMPHIBIA,CHORDATA,ANIMALIA,,,NT
Brookesia,Brookesia perarmata,CHAMAELEONIDAE,SQUAMATA,REPTILIA,CHORDATA,ANIMALIA,,,EN
Brotomys,Brotomys voratus,ECHIMYIDAE,RODENTIA,MAMMALIA,CHORDATA,ANIMALIA,,,EX
Bubalus,Bubalus depressicornis,BOVIDAE,CETARTIODACTYLA,MAMMALIA,CHORDATA,ANIMALIA,,,EN
Bubalus,Bubalus mindorensis,BOVIDAE,CETARTIODACTYLA,MAMMALIA,CHORDATA,ANIMALIA,,,CR
Bubalus,Bubalus quarlesi,BOVIDAE,CETARTIODACTYLA,MAMMALIA,CHORDATA,ANIMALIA,,,EN
Bubalus,Bubalus arnee,BOVIDAE,CETARTIODACTYLA,MAMMALIA,CHORDATA,ANIMALIA,,,EN
Budorcas,Budorcas taxicolor,BOVIDAE,CETARTIODACTYLA,MAMMALIA,CHORDATA,ANIMALIA,,,VU
Buffetia,Buffetia retinaculum,HELICARIONIDAE,STYLOMMATOPHORA,GASTROPODA,MOLLUSCA,ANIMALIA,,,VU
Anaxyrus,Anaxyrus exsul,BUFONIDAE,ANURA,AMPHIBIA,CHORDATA,ANIMALIA,,,VU
Anaxyrus,Anaxyrus houstonensis,BUFONIDAE,ANURA,AMPHIBIA,CHORDATA,ANIMALIA,,,EN
Incilius,Incilius periglenes,BUFONIDAE,ANURA,AMPHIBIA,CHORDATA,ANIMALIA,,,EX
Anaxyrus,Anaxyrus retiformis,BUFONIDAE,ANURA,AMPHIBIA,CHORDATA,ANIMALIA,,,LC
Vandijkophrynus,Vandijkophrynus amatolicus,BUFONIDAE,ANURA,AMPHIBIA,CHORDATA,ANIMALIA,,,CR
Rhinella,Rhinella atacamensis,BUFONIDAE,ANURA,AMPHIBIA,CHORDATA,ANIMALIA,,,VU
Anaxyrus,Anaxyrus boreas,BUFONIDAE,ANURA,AMPHIBIA,CHORDATA,ANIMALIA,,,LC
Anaxyrus,Anaxyrus canorus,BUFONIDAE,ANURA,AMPHIBIA,CHORDATA,ANIMALIA,,,EN
Anaxyrus,Anaxyrus nelsoni,BUFONIDAE,ANURA,AMPHIBIA,CHORDATA,ANIMALIA,,,EN
Bulimulus,Bulimulus adelphus,ORTHALICIDAE,STYLOMMATOPHORA,GASTROPODA,MOLLUSCA,ANIMALIA,,,CR
Bulimulus,Bulimulus akamatus,ORTHALICIDAE,STYLOMMATOPHORA,GASTROPODA,MOLLUSCA,ANIMALIA,,,VU
Bulimulus,Bulimulus alethorhytidus,ORTHALICIDAE,STYLOMMATOPHORA,GASTROPODA,MOLLUSCA,ANIMALIA,,,VU
Bulimulus,Bulimulus amastroides,ORTHALICIDAE,STYLOMMATOPHORA,GASTROPODA,MOLLUSCA,ANIMALIA,,,VU
Bulimulus,Bulimulus blombergi,ORTHALICIDAE,STYLOMMATOPHORA,GASTROPODA,MOLLUSCA,ANIMALIA,,,VU
Bulimulus,Bulimulus calvus,ORTHALICIDAE,STYLOMMATOPHORA,GASTROPODA,MOLLUSCA,ANIMALIA,,,VU
Bulimulus,Bulimulus cavagnaroi,ORTHALICIDAE,STYLOMMATOPHORA,GASTROPODA,MOLLUSCA,ANIMALIA,,,VU
Bulimulus,Bulimulus darwini,ORTHALICIDAE,STYLOMMATOPHORA,GASTROPODA,MOLLUSCA,ANIMALIA,,,VU
Bulimulus,Bulimulus eos,ORTHALICIDAE,STYLOMMATOPHORA,GASTROPODA,MOLLUSCA,ANIMALIA,,,CR
Bulimulus,Bulimulus eschariferus,ORTHALICIDAE,STYLOMMATOPHORA,GASTROPODA,MOLLUSCA,ANIMALIA,,,CR
Bulimulus,Bulimulus hirsutus,ORTHALICIDAE,STYLOMMATOPHORA,GASTROPODA,MOLLUSCA,ANIMALIA,,,CR
Bulimulus,Bulimulus jacobi,ORTHALICIDAE,STYLOMMATOPHORA,GASTROPODA,MOLLUSCA,ANIMALIA,,,CR
Bulimulus,Bulimulus lycodus,ORTHALICIDAE,STYLOMMATOPHORA,GASTROPODA,MOLLUSCA,ANIMALIA,,,CR
Bulimulus,Bulimulus nesioticus,ORTHALICIDAE,STYLOMMATOPHORA,GASTROPODA,MOLLUSCA,ANIMALIA,,,VU
Bulimulus,Bulimulus nux,ORTHALICIDAE,STYLOMMATOPHORA,GASTROPODA,MOLLUSCA,ANIMALIA,,,EN
Bulimulus,Bulimulus ochsneri,ORTHALICIDAE,STYLOMMATOPHORA,GASTROPODA,MOLLUSCA,ANIMALIA,,,CR
Bulimulus,Bulimulus reibischi,ORTHALICIDAE,STYLOMMATOPHORA,GASTROPODA,MOLLUSCA,ANIMALIA,,,CR
Bulimulus,Bulimulus rugiferus,ORTHALICIDAE,STYLOMMATOPHORA,GASTROPODA,MOLLUSCA,ANIMALIA,,,DD
Bulimulus,Bulimulus saeronius,ORTHALICIDAE,STYLOMMATOPHORA,GASTROPODA,MOLLUSCA,ANIMALIA,,,CR
Bulimulus,Bulimulus sculpturatus,ORTHALICIDAE,STYLOMMATOPHORA,GASTROPODA,MOLLUSCA,ANIMALIA,,,CR
Bulimulus,Bulimulus tanneri,ORTHALICIDAE,STYLOMMATOPHORA,GASTROPODA,MOLLUSCA,ANIMALIA,,,CR
