Title,Year,Rated,Released,Genre,Director,Plot,imdbRating,Metascore,Country
Coco,2017,PG,22 Nov 2017,"Animation, Adventure, Comedy","Lee Unkrich, Adrian Molina(co-director)","Aspiring musician Miguel, confronted with his family's ancestral ban on music, enters the Land of the Dead to find his great-great-grandfather, a legendary singer.",8.5,81,USA
Our Blushing Brides,1930,PASSED,19 Jul 1930,Drama,Harry Beaumont,"Three department store girls--Connie, Franky, and Jerry--share an apartment on West 91st Street in New York City. Each earns little more than 20 dollars per week. Jerry is the sensible one,...",5.6,N/A,USA
Mother India,1957,N/A,14 Feb 1957,"Drama, Musical, Family",Mehboob Khan,"In this melodrama, a poverty-stricken woman raises her sons through many trials and tribulations. But no matter the struggles, always sticks to her own moral code.",8.1,53,India
Dev D,2009,N/A,06 Feb 2009,"Comedy, Drama, Romance",Anurag Kashyap,"After breaking up with his childhood sweetheart, a young man finds solace in drugs. Meanwhile, a teenage girl is caught in the world of prostitution. Will they be destroyed, or will they find redemption?",8.1,N/A,India
X-Men: Dark Phoenix,2019,N/A,14 Feb 2019,"Action, Adventure, Sci-Fi",Simon Kinberg,Jean Grey begins to develop incredible powers that corrupt and turn her into a Dark Phoenix. Now the X-Men will have to decide if the life of a team member is worth more than all the people living in the world.,N/A,N/A,USA
"Paul, Apostle of Christ",2018,PG-13,23 Mar 2018,"Drama, History",Andrew Hyatt,The story covers Paul going from the most infamous persecutor of Christians to Jesus Christ's most influential apostle.,6.9,49,USA
Kal Ho Naa Ho,2003,NOT RATED,28 Nov 2003,"Comedy, Drama, Romance",Nikkhil Advani,"Naina, an introverted, perpetually depressed girl's life changes when she meets Aman. But Aman has a secret of his own which changes their lives forever. Embroiled in all this is Rohit, Naina's best friend who conceals his love for her.",8.0,54,India
Pink,2016,NOT RATED,16 Sep 2016,Drama,Aniruddha Roy Chowdhury,"When three young women are implicated in a crime, a retired lawyer steps forward to help them clear their names.",8.2,N/A,India
A Wrinkle in Time,2018,PG,09 Mar 2018,"Adventure, Family, Fantasy",Ava DuVernay,"After the disappearance of her scientist father, three peculiar beings send Meg, her brother, and her friend to space in order to find him.",4.1,53,USA
Premam,2015,N/A,12 Jun 2015,"Comedy, Drama, Romance",Alphonse Puthren,A young man has three opportunities to find love. Will the third time be the charm?,8.3,N/A,India
Jab We Met,2007,NOT RATED,26 Oct 2007,"Comedy, Drama, Romance",Imtiaz Ali,A depressed wealthy businessman finds his life changing after he meets a spunky and care-free young woman.,8.0,N/A,India
Jumanji: Welcome to the Jungle,2017,PG-13,20 Dec 2017,"Action, Adventure, Comedy",Jake Kasdan,"Four teenagers are sucked into a magical video game, and the only way they can escape is to work together to finish the game.",7.0,58,USA
All the Money in the World,2017,R,25 Dec 2017,"Biography, Crime, Drama",Ridley Scott,The story of the kidnapping of 16-year-old John Paul Getty III and the desperate attempt by his devoted mother to convince his billionaire grandfather Jean Paul Getty to pay the ransom.,6.9,72,"USA, Italy"
Guide,1965,NOT RATED,06 Feb 1965,"Drama, Musical, Romance",Vijay Anand,"A tour guide falls in love with a married woman, and helps her rediscover her love for dance.",8.5,N/A,India
Mamma Mia! Here We Go Again,2018,PG-13,20 Jul 2018,"Comedy, Musical",Ol Parker,"In this sequel to Mamma Mia!, Sophie learns about her mother's past while pregnant herself.",N/A,N/A,USA
Sinbad of the Seven Seas,1989,PG-13,01 Dec 1989,"Adventure, Fantasy","Enzo G. Castellari, Luigi Cozzi","Sinbad and his shipmates aid a young prince, who must battle an evil wizard to gain the hand of a beautiful princess.",4.3,N/A,"Italy, USA"
Unsane,2018,R,23 Mar 2018,"Horror, Thriller",Steven Soderbergh,"A young woman is involuntarily committed to a mental institution, where she is confronted by her greatest fear--but is it real or a product of her delusion?",6.5,60,USA
Parmanu: The Story of Pokhran,2017,N/A,08 Dec 2017,N/A,Abhishek Sharma,"India's first and confidential nuclear test series at Pokhran, at the time of PM Atal Bihari Vajpayee and lead by Dr. APJ Abdul Kalam",N/A,N/A,India
Justice League,2017,PG-13,17 Nov 2017,"Action, Adventure, Fantasy",Zack Snyder,"Fueled by his restored faith in humanity and inspired by Superman's selfless act, Bruce Wayne enlists the help of his newfound ally, Diana Prince, to face an even greater enemy.",6.7,45,"UK, Canada, USA"
Black Panther,2018,PG-13,16 Feb 2018,"Action, Adventure, Sci-Fi",Ryan Coogler,"T'Challa, the King of Wakanda, rises to the throne in the isolated, technologically advanced African nation, but his claim is challenged by a vengeful outsider who was a childhood victim of T'Challa's father's mistake.",7.5,88,USA
Pather Panchali,1955,NOT RATED,22 Sep 1958,Drama,Satyajit Ray,"Impoverished priest Harihar Ray, dreaming of a better life for himself and his family, leaves his rural Bengal village in search of work.",8.4,N/A,India
Sadie McKee,1934,APPROVED,09 May 1934,"Drama, Romance",Clarence Brown,"A working girl's fortunes improve when she marries into money, but happiness is not so easily won.",6.6,N/A,USA
Three Cornered Moon,1933,N/A,08 Aug 1933,Comedy,Elliott Nugent,"Nellie Rimplegar has to tell her grown children that due to her bungled handling of their finances, the family has been wiped out by the Stock Market crash. Friend and family doctor, Alan ...",6.8,N/A,USA
The Scarlet Empress,1934,NOT RATED,07 Sep 1934,"Drama, History, Romance",Josef von Sternberg,"Young Princess Sophia of Germany is taken to Russia to marry the half-wit Grand Duke Peter, son of the Empress. The domineering Empress hopes to improve the royal blood line. Sophia doesn't...",7.7,N/A,USA
The Barretts of Wimpole Street,1934,PASSED,21 Sep 1934,"Biography, Drama, Romance",Sidney Franklin,"Elizabeth Barrett's tyrannical father has forbidden any of his family to marry. Nevertheless, Elizabeth falls in love with the poet Robert Browning.",7.0,N/A,USA
Deadpool 2,2018,R,18 May 2018,"Action, Adventure, Comedy",David Leitch,"Foul-mouthed mutant mercenary Wade Wilson (AKA. Deadpool), brings together a team of fellow mutant rogues to protect a young boy with supernatural abilities from the brutal, time-traveling cyborg, Cable.",8.1,66,USA
Ant-Man,2015,PG-13,17 Jul 2015,"Action, Adventure, Comedy",Peyton Reed,"Armed with a super-suit with the astonishing ability to shrink in scale but increase in strength, cat burglar Scott Lang must embrace his inner hero and help his mentor, Dr. Hank Pym, plan and pull off a heist that will save the world.",7.3,64,USA
Munna Bhai M.B.B.S.,2003,NOT RATED,19 Dec 2003,"Comedy, Drama, Musical",Rajkumar Hirani,A gangster sets out to fulfill his father's dream of becoming a doctor.,8.2,N/A,India
God's Not Dead: A Light in Darkness,2018,PG,30 Mar 2018,Drama,Michael Mason,"Pastor Dave responds to the unimaginable tragedy of having his church, located on the grounds of the local university, burned down.",3.8,33,USA
Incredibles 2,2018,PG,15 Jun 2018,"Animation, Action, Adventure",Brad Bird,Bob Parr (Mr. Incredible) is left to care for the kids while Helen (Elastigirl) is out saving the world.,8.4,80,USA
Harry Potter and the Deathly Hallows: Part 2,2011,PG-13,15 Jul 2011,"Adventure, Drama, Fantasy",David Yates,"Harry, Ron, and Hermione search for Voldemort's remaining Horcruxes in their effort to destroy the Dark Lord as the final battle rages on at Hogwarts.",8.1,87,"USA, UK"
The Passion of the Christ,2004,R,25 Feb 2004,Drama,Mel Gibson,"Depicts the final twelve hours in the life of Jesus of Nazareth, on the day of his crucifixion in Jerusalem.",7.2,47,USA
The Death of Stalin,2017,R,09 Mar 2018,"Comedy, History",Armando Iannucci,Follows the Soviet dictator's last days and depicts the chaos of the regime after his death.,7.2,88,"France, UK, Belgium, Canada"
Saw,2004,R,29 Oct 2004,"Crime, Horror, Mystery",James Wan,"Two strangers, who awaken in a room with no recollection of how they got there, soon discover they're pawns in a deadly game perpetrated by a notorious serial killer.",7.6,46,USA
Spinning Man,2018,R,06 Apr 2018,"Drama, Mystery, Thriller",Simon Kaijser,"A happily married professor, known for having many affairs with students, becomes the prime suspect when a young woman has gone missing.",5.5,44,"Ireland, Sweden, USA"
Bohemian Rhapsody,2018,N/A,25 Dec 2018,"Biography, Drama, Music",Bryan Singer,A chronicle of the years leading up to Queen's legendary appearance at the Live Aid (1985) concert in 1985.,N/A,N/A,"USA, UK"
Thalapathi,1991,NOT RATED,25 Nov 1991,"Action, Crime, Drama",Mani Ratnam,An orphan named Surya raised in a slum befriends a good crime boss named Devaraj and works for him. Their existence is threatened when a new honest district collector arrives.,8.6,N/A,India
Bajrangi Bhaijaan,2015,NOT RATED,17 Jul 2015,"Action, Adventure, Comedy",Kabir Khan,An Indian man with a magnanimous heart takes a young mute Pakistani girl back to her homeland to reunite her with her family.,8.1,N/A,India
Midnight Sun,2018,PG-13,23 Mar 2018,"Drama, Romance",Scott Speer,A 17-year-old girl suffers from a condition that prevents her from being out in the sunlight.,6.5,38,USA
Isle of Dogs,2018,PG-13,13 Apr 2018,"Animation, Adventure, Comedy",Wes Anderson,"Set in Japan, Isle of Dogs follows a boy's odyssey in search of his lost dog.",8.2,82,"Germany, USA"
Company,2002,N/A,15 Apr 2002,"Action, Crime, Drama",Ram Gopal Varma,"A small-time gangster named Chandu teams up with Malik, a low-level enforcer for a criminal syndicate. Together they eliminate all their enemies, becoming the most feared gangsters in Mumbai.",8.0,N/A,India
Anbe Sivam,2003,NOT RATED,14 Jan 2003,"Adventure, Comedy, Drama",Sundar C.,"Two men, one young and arrogant, the other damaged - physically but not spiritually - by life, are thrown together by circumstances, and find that they are in some ways bound together by fate.",8.9,N/A,India
Star Wars: The Force Awakens,2015,PG-13,18 Dec 2015,"Action, Adventure, Fantasy",J.J. Abrams,"Three decades after the Empire's defeat, a new threat arises in the militant First Order. Stormtrooper defector Finn and the scavenger Rey are caught up in the Resistance's search for the missing Luke Skywalker.",8.0,81,USA
The Fate of the Furious,2017,PG-13,14 Apr 2017,"Action, Crime, Thriller",F. Gary Gray,"When a mysterious woman seduces Dom into the world of terrorism and a betrayal of those closest to him, the crew face trials that will test them as never before.",6.7,56,"China, USA, Japan"
Dr. Jekyll and Mr. Hyde,1931,NOT RATED,03 Jan 1932,"Horror, Sci-Fi",Rouben Mamoulian,Dr. Jekyll faces horrible consequences when he lets his dark side run wild with a potion that transforms him into the animalistic Mr. Hyde.,7.7,N/A,USA
Ferdinand,2017,PG,15 Dec 2017,"Animation, Adventure, Comedy",Carlos Saldanha,"After Ferdinand, a bull with a big heart, is mistaken for a dangerous beast, he is captured and torn from his home. Determined to return to his family, he rallies a misfit team on the ultimate adventure.",6.7,58,USA
Satya,1998,NOT RATED,03 Jul 1998,"Action, Crime, Drama",Ram Gopal Varma,An innocent man is embroiled in underworld after being falsely charged and sets out to punish the perpetrators who subjected his life to misery.,8.2,N/A,India
Hotel Transylvania 3: A Monster Vacation,2018,N/A,13 Jul 2018,"Animation, Comedy, Family",Genndy Tartakovsky,Mavis surprises Dracula with a family voyage on a luxury Monster Cruise Ship so he can take a vacation from providing everyone else's vacation at the hotel. The rest of Drac's Pack cannot ...,N/A,N/A,USA
The Bye Bye Man,2017,PG-13,13 Jan 2017,"Horror, Thriller",Stacy Title,Three friends stumble upon the horrific origins of a mysterious figure they discover is the root cause of the evil behind unspeakable acts.,4.3,37,"USA, China"
Hey Ram,2000,N/A,18 Feb 2000,"Crime, Drama, History",Kamal Haasan,Saketh Ram's wife is raped and killed during direct action day riots in Calcutta. He is convinced that Mahatma Gandhi is responsible for all the problems happening in the country and sets out to kill him.,8.0,N/A,India
Iron Fist,2017–,TV-MA,17 Mar 2017,"Action, Adventure, Crime",N/A,A young man is bestowed with incredible martial arts skills and a mystical force known as the Iron Fist.,6.8,N/A,USA
The Most Dangerous Game,1932,NOT RATED,09 Sep 1932,"Adventure, Horror, Mystery","Irving Pichel, Ernest B. Schoedsack",An insane hunter arranges for a ship to be wrecked on an island where he can indulge in some sort of hunting and killing of the passengers.,7.3,N/A,USA
Captain America: The Winter Soldier,2014,PG-13,04 Apr 2014,"Action, Adventure, Sci-Fi","Anthony Russo, Joe Russo","As Steve Rogers struggles to embrace his role in the modern world, he teams up with a fellow Avenger and S.H.I.E.L.D agent, Black Widow, to battle a new threat from history: an assassin known as the Winter Soldier.",7.8,70,USA
Udaan,2010,NOT RATED,16 Jul 2010,"Crime, Drama",Vikramaditya Motwane,"Expelled from his school, a 16-year old boy returns home to his abusive and oppressive father.",8.2,N/A,India
Aruvi,2016,N/A,15 Dec 2017,Drama,Arun Prabhu Purushothaman,A gentle girl born and brought up amidst the ever growing eco-social-consumeristic environment finds it difficult to fit in the society. She decides to take it hard on the people. What she does is the rest of the story.,9.2,N/A,India
Bommarillu,2006,N/A,09 Aug 2006,"Comedy, Drama, Romance",Bhaskar,A young man realizes that he has to push back against his domineering father if he wants to find true happiness and love.,8.3,N/A,India
Pixels,2015,PG-13,24 Jul 2015,"Action, Comedy, Fantasy",Chris Columbus,"When aliens misinterpret video feeds of classic arcade games as a declaration of war, they attack the Earth in the form of the video games.",5.6,27,"USA, China, Canada"
Shahid,2012,NOT RATED,18 Oct 2013,"Biography, Crime, Drama",Hansal Mehta,"The account of Human Rights lawyer Shahid Azmi, an ordinary citizen with an extraordinary commitment to justice.",8.3,N/A,India
Reprisal,2017,N/A,N/A,Action,Brian A Miller,A veteran looks to raise money for his son's healthcare by teaming up with another vet to track down criminals.,N/A,N/A,USA
Morning Glory,1933,PASSED,18 Aug 1933,"Drama, Romance",Lowell Sherman,"When a naively innocent, aspiring actress arrives on the Broadway scene, she is taken under the wing of several theater veterans who mentor her to ultimate success.",6.6,N/A,USA
Vaaranam Aayiram,2008,NOT RATED,14 Nov 2008,"Drama, Musical, Romance",Gautham Menon,"A father and son help each other through growing up, romance, tragedy, and adventure.",8.0,N/A,India
Queen,2013,NOT RATED,07 Mar 2014,"Adventure, Comedy, Drama",Vikas Bahl,A Delhi girl from a traditional family sets out on a solo honeymoon after her marriage gets cancelled.,8.3,N/A,India
Doctor Strange,2016,PG-13,04 Nov 2016,"Action, Adventure, Fantasy",Scott Derrickson,"While on a journey of physical and spiritual healing, a brilliant neurosurgeon is drawn into the world of the mystic arts.",7.5,72,USA
Barfi!,2012,NOT RATED,14 Sep 2012,"Adventure, Comedy, Drama",Anurag Basu,Three young people learn that love can neither be defined nor contained by society's definition of normal and abnormal.,8.1,N/A,India
Death Wish,2018,R,02 Mar 2018,"Action, Crime, Drama",Eli Roth,"Dr. Paul Kersey is an experienced trauma surgeon, a man who has spent his life saving lives. After an attack on his family, Paul embarks on his own mission for justice.",6.4,31,USA
Aquaman,2018,N/A,21 Dec 2018,"Action, Adventure, Sci-Fi",James Wan,"Arthur Curry learns that he is the heir to the underwater kingdom of Atlantis, and must step forward to lead his people and to be a hero to the world.",N/A,N/A,"USA, Australia"
Amityville: The Awakening,2017,PG-13,12 Oct 2017,"Horror, Thriller",Franck Khalfoun,"A desperate single mother moves with her three children into the notorious, supposedly haunted, real-life Amityville house to try and use its dark powers to cure her comatose son. Things go horribly wrong.",4.8,42,USA
Private Lives,1931,PASSED,12 Dec 1931,"Comedy, Drama, Romance",Sidney Franklin,Divorced couple unexpectedly meet each other during their honeymoon and rekindle their love.,6.9,N/A,USA
Saw II,2005,R,28 Oct 2005,"Horror, Mystery",Darren Lynn Bousman,A detective and his team must rescue 8 people trapped in a factory by the twisted serial killer known as Jigsaw.,6.6,40,"USA, Canada"
Furious 7,2015,PG-13,03 Apr 2015,"Action, Crime, Thriller",James Wan,Deckard Shaw seeks revenge against Dominic Toretto and his family for his comatose brother.,7.2,67,"Japan, USA"
Transformers: Age of Extinction,2014,PG-13,27 Jun 2014,"Action, Adventure, Sci-Fi",Michael Bay,"Autobots must escape sight from a bounty hunter who has taken control of the human serendipity: Unexpectedly, Optimus Prime and his remaining gang turn to a mechanic, his daughter, and her back street racing boyfriend for help.",5.7,32,"USA, China"
Pacific Rim,2013,PG-13,12 Jul 2013,"Action, Adventure, Sci-Fi",Guillermo del Toro,"As a war between humankind and monstrous sea creatures wages on, a former pilot and a trainee are paired up to drive a seemingly obsolete special weapon in a desperate effort to save the world from the apocalypse.",6.9,65,USA
Saw III,2006,R,27 Oct 2006,"Horror, Mystery, Thriller",Darren Lynn Bousman,Jigsaw abducts a doctor in order to keep himself alive while he watches his new apprentice put an unlucky citizen named Jeff through a brutal test.,6.2,48,"USA, Canada"
The Meg,2018,PG-13,10 Aug 2018,"Action, Horror, Sci-Fi",Jon Turteltaub,"After escaping an attack by what he claims was a 70-foot shark, Jonas Taylor must confront his fears to save those trapped in a sunken submersible.",N/A,N/A,"China, USA"
Haider,2014,N/A,02 Oct 2014,"Action, Crime, Drama",Vishal Bhardwaj,A young man returns to Kashmir after his father's disappearance to confront his uncle - the man he suspects of playing a role in his father's fate.,8.2,N/A,India
Jigarthanda,2014,NOT RATED,01 Aug 2014,"Action, Crime, Drama",Karthik Subbaraj,"An aspiring director targets a ruthless gangster because he wants to make a violent gangster film. His discreet attempts to research the gangster fail miserably. Finally when he gets caught snooping, things hit the fan.",8.4,N/A,India
Gol Maal,1979,NOT RATED,20 Apr 1979,"Comedy, Romance",Hrishikesh Mukherjee,"Ramprasad is a recent college graduate who finds a job with a finicky man, Bhavani Shankar, who believes that a man without a mustache is a man without a character. Bhavani Shankar is also ...",8.6,N/A,India
Lady for a Day,1933,TV-G,13 Sep 1933,Comedy,Frank Capra,"A gangster tries to make Apple Annie, the Times Square apple seller, a lady for a day.",7.5,N/A,USA
Wonder Woman 2,2019,N/A,01 Nov 2019,"Action, Adventure, Fantasy",Patty Jenkins,Plot unknown. A sequel to the 2017 super hero film 'Wonder Woman'.,N/A,N/A,USA
Molly's Game,2017,R,05 Jan 2018,"Biography, Crime, Drama",Aaron Sorkin,"The true story of Molly Bloom, an Olympic-class skier who ran the world's most exclusive high-stakes poker game and became an FBI target.",7.5,71,"China, Canada, USA"
Chak de! India,2007,NOT RATED,10 Aug 2007,"Drama, Family, Sport",Shimit Amin,Kabir Khan is the coach of the Indian Women's National Hockey Team and his dream is to make his all girls team emerge victorious against all odds.,8.2,68,India
Cleopatra,1934,NOT RATED,05 Oct 1934,"Biography, Drama, History",Cecil B. DeMille,"The man-hungry Queen of Egypt leads Julius Caesar and Mark Antony astray, amid scenes of DeMillean splendor.",6.9,N/A,USA
Call Me by Your Name,2017,R,19 Jan 2018,"Drama, Romance",Luca Guadagnino,"In 1980s Italy, a romance blossoms between a seventeen year-old student and the older man hired as his father's research assistant.",8.0,93,"Italy, France, Brazil, USA"
Star Wars: The Last Jedi,2017,PG-13,15 Dec 2017,"Action, Adventure, Fantasy",Rian Johnson,"Rey develops her newly discovered abilities with the guidance of Luke Skywalker, who is unsettled by the strength of her powers. Meanwhile, the Resistance prepares for battle with the First Order.",7.3,85,USA
Teenage Mutant Ninja Turtles,2014,PG-13,08 Aug 2014,"Action, Adventure, Comedy",Jonathan Liebesman,"When a kingpin threatens New York City, a group of mutated turtle warriors must emerge from the shadows to protect their home.",5.8,31,USA
Sholay,1975,NOT RATED,15 Aug 1975,"Action, Adventure, Comedy",Ramesh Sippy,"After his family is murdered by a notorious and ruthless bandit, a former police officer enlists the services of two outlaws to capture the bandit.",8.2,N/A,India
Special 26,2013,NOT RATED,08 Feb 2013,"Action, Crime, Thriller",Neeraj Pandey,A gang of con-men rob prominent rich businessmen and politicians by posing as C.B.I and income tax officers.,8.0,N/A,India
I'm No Angel,1933,PASSED,06 Oct 1933,"Comedy, Musical, Romance",Wesley Ruggles,Circus performer Tira seeks a better life pursuing the company of wealthy New York men with improbable comic complications along the way.,7.0,N/A,USA
Freaks,1932,NOT RATED,20 Feb 1932,"Drama, Horror",Tod Browning,"A circus' beautiful trapeze artist agrees to marry the leader of side-show performers, but his deformed friends discover she is only marrying him for his inheritance.",7.9,N/A,USA
I Can Only Imagine,2018,PG,16 Mar 2018,"Drama, Family, Music","Andrew Erwin, Jon Erwin","The inspiring and unknown true story behind MercyMe's beloved, chart topping song that brings ultimate hope to so many is a gripping reminder of the power of true forgiveness.",7.4,29,USA
Untitled Avengers Movie,2019,N/A,03 May 2019,"Action, Sci-Fi","Anthony Russo, Joe Russo",The plot is yet to be revealed. Will be the fourth installment of the 'Avengers' series.,N/A,N/A,USA
Upgrade,2018,R,01 Jun 2018,"Action, Horror, Sci-Fi",Leigh Whannell,"Set in the near-future, technology controls nearly all aspects of life. But when Grey, a self-identified technophobe, has his world turned upside down, his only hope for revenge is an experimental computer chip implant called Stem.",7.8,65,Australia
Ugly,2013,NOT RATED,26 Dec 2014,"Crime, Drama, Mystery",Anurag Kashyap,The case of a missing girl takes us through a journey of human greed and brushes upon the egos and repressed emotions of the characters.,8.1,N/A,India
Annihilation,2018,R,23 Feb 2018,"Adventure, Drama, Horror",Alex Garland,"A biologist signs up for a dangerous, secret expedition into a mysterious zone where the laws of nature don't apply.",7.0,79,"UK, USA"
The First Purge,2018,R,04 Jul 2018,"Action, Horror, Sci-Fi",Gerard McMurray,The film will be a prequel that will focus on the events that lead up to the very first Purge event.,N/A,N/A,USA
Shanghai Express,1932,PASSED,12 Feb 1932,"Adventure, Drama, Romance",Josef von Sternberg,A loose woman rediscovers a former lover during a dangerous train ride to Shanghai.,7.4,N/A,USA
Female,1933,UNRATED,11 Nov 1933,"Comedy, Drama, Romance","Michael Curtiz, William Dieterle, William A. Wellman","Alison Drake, the tough-minded executive of an automobile factory, succeeds in the man's world of business until she meets an independent design engineer.",6.8,N/A,USA
Red-Headed Woman,1932,APPROVED,25 Jun 1932,"Comedy, Romance",Jack Conway,Lillian relentlessly attempts to seduce a married man.,7.1,N/A,USA
Truth or Dare,2018,PG-13,13 Apr 2018,"Horror, Thriller",Jeff Wadlow,A harmless game of Truth or Dare among friends turns deadly when someone -- or something -- begins to punish those who tell a lie or refuse the dare.,4.8,35,USA
Captain America: The First Avenger,2011,PG-13,22 Jul 2011,"Action, Adventure, Sci-Fi",Joe Johnston,"Steve Rogers, a rejected military soldier transforms into Captain America after taking a dose of a ""Super-Soldier serum"". But being Captain America comes at a price as he attempts to take down a war monger and a terrorist organization.",6.9,66,USA
Dunkirk,2017,PG-13,21 Jul 2017,"Action, Drama, History",Christopher Nolan,"Allied soldiers from Belgium, the British Empire and France are surrounded by the German Army, and evacuated during a fierce battle in World War II.",8.0,94,"UK, Netherlands, France, USA"
Vaastav: The Reality,1999,N/A,07 Oct 1999,"Crime, Drama, Thriller",Mahesh Manjrekar,Consequences force an innocent man to get involved in crime after making an error.,8.0,N/A,India
Sherlock Gnomes,2018,PG,23 Mar 2018,"Animation, Adventure, Comedy",John Stevenson,"Garden gnomes, Gnomeo & Juliet, recruit renowned detective Sherlock Gnomes to investigate the mysterious disappearance of other garden ornaments.",4.8,36,"UK, USA"
Uncle Drew,2018,N/A,29 Jun 2018,Comedy,Charles Stone III,"After draining his life savings to enter a team in the Rucker Classic street ball tournament in Harlem, Dax (Lil Rel Howery) is dealt a series of unfortunate setbacks, including losing his ...",N/A,N/A,USA
Dhuruvangal Pathinaaru,2016,N/A,29 Dec 2016,"Action, Crime, Mystery",Karthick Naren,"Deepak retires after an accident cuts off his right leg. Five years down the line, he is forced to revisit all the events leading to the accident.",8.6,N/A,India
Roja,1992,N/A,10 Jan 2003,"Drama, Romance, Thriller",Mani Ratnam,"A woman from a village in Tamil Nadu marries a sophisticated city dweller and moves with him to Kashmir, where all is rosy - until he gets kidnapped by militants.",8.2,N/A,India
Khosla Ka Ghosla!,2006,NOT RATED,22 Sep 2006,"Comedy, Crime, Drama",Dibakar Banerjee,A Delhi based retired middle class man tries half-heartedly to get his land back from a swindling property dealer with the help of his sons and their friends.,8.3,N/A,India
Masaan,2015,N/A,24 Jun 2015,"Drama, Romance",Neeraj Ghaywan,"Four lives intersect along the Ganges: a low caste boy hopelessly in love, a daughter ridden with guilt of a sexual encounter ending in a tragedy, a hapless father with fading morality, and...",8.1,N/A,"India, France"
OMG: Oh My God!,2012,NOT RATED,28 Sep 2012,"Comedy, Drama, Family",Umesh Shukla,A shopkeeper takes God to court when his shop is destroyed by an earthquake.,8.2,N/A,India
12 Strong,2018,R,19 Jan 2018,"Action, Drama, History",Nicolai Fuglsig,"12 Strong tells the story of the first Special Forces team deployed to Afghanistan after 9/11; under the leadership of a new captain, the team must work with an Afghan warlord to take down the Taliban.",6.6,54,USA
How to Train Your Dragon: The Hidden World,2019,N/A,01 Mar 2019,"Animation, Action, Adventure",Dean DeBlois,Continues the adventure of Hiccup and his dragon Toothless.,N/A,N/A,USA
Aparajito,1956,NOT RATED,11 Oct 1956,Drama,Satyajit Ray,"Following his father's death, a boy leaves home to study in Calcutta, while his mother must face a life alone.",8.2,N/A,India
Of Human Bondage,1934,NOT RATED,20 Jul 1934,"Drama, Romance",John Cromwell,A young man finds himself attracted to a cold and unfeeling waitress who may ultimately destroy them both.,7.3,N/A,USA
Chupke Chupke,1975,NOT RATED,11 Apr 1975,"Comedy, Drama, Romance",Hrishikesh Mukherjee,A newly wedded husband plays a practical joke on his wife's family with full support from his wife and friends.,8.5,N/A,India
I Feel Pretty,2018,PG-13,20 Apr 2018,Comedy,"Abby Kohn, Marc Silverstein","A woman struggling with insecurity wakes from a fall believing she is the most beautiful and capable woman on the planet. Her new confidence empowers her to live fearlessly, but what happens when she realizes her appearance never changed?",4.7,47,"China, USA"
Baaghi 2,2018,NOT RATED,30 Mar 2018,"Action, Thriller",Ahmed Khan,"A battle-hardened army officer squares off against drug lords and Russian henchmen to save his ex-lover's kidnapped daughter in the underbelly of Goa, India.",5.1,N/A,India
The Predator,2018,N/A,14 Sep 2018,"Action, Adventure, Horror",Shane Black,"When a young boy accidentally triggers the universe's most lethal hunters return to Earth, only a ragtag crew of ex-soldiers and a disgruntled science teacher can prevent the end of the human race.",N/A,N/A,USA
Teenage Mutant Ninja Turtles: Out of the Shadows,2016,PG-13,03 Jun 2016,"Action, Adventure, Comedy",Dave Green,"After facing Shredder, who has joined forces with mad scientist Baxter Stockman and henchmen Bebop and Rocksteady to take over the world, the Turtles must confront an even greater nemesis: the notorious Krang.",6.0,40,"USA, Hong Kong, China, Canada"
Airlift,2016,NOT RATED,22 Jan 2016,"Action, Drama, History",Raja Menon,"When Iraq invades Kuwait in August, 1990, a callous Indian businessman becomes the spokesperson for more than 170,000 stranded countrymen.",8.1,N/A,India
Dil Chahta Hai,2001,NOT RATED,24 Jul 2001,"Comedy, Drama, Romance",Farhan Akhtar,"Three inseparable childhood friends are just out of college. Nothing comes between them - until they each fall in love, and their wildly different approaches to relationships creates tension.",8.2,N/A,India
The Greatest Showman,2017,PG,20 Dec 2017,"Biography, Drama, Musical",Michael Gracey,"Celebrates the birth of show business, and tells of a visionary who rose from nothing to create a spectacle that became a worldwide sensation.",7.7,48,USA
Talvar,2015,NOT RATED,02 Oct 2015,"Crime, Drama, Mystery",Meghna Gulzar,An experienced investigator confronts several conflicting theories about the perpetrators of a violent double homicide.,8.3,N/A,India
Gangs of Wasseypur,2012,N/A,02 Aug 2012,"Action, Crime, Drama",Anurag Kashyap,"A clash between Sultan and Shahid Khan leads to the expulsion of Khan from Wasseypur, and ignites a deadly blood feud spanning three generations.",8.2,89,India
Ustad Hotel,2012,N/A,29 Jun 2012,"Comedy, Drama, Family",Anwar Rasheed,"An urbane chef from a well-to-do family with very high ambitions goes on to find approval from his conservative father, true love and the real purpose of his life.",8.3,N/A,India
Sicario,2015,R,02 Oct 2015,"Action, Crime, Drama",Denis Villeneuve,An idealistic FBI agent is enlisted by a government task force to aid in the escalating war against drugs at the border area between the U.S. and Mexico.,7.6,82,USA
Svengali,1931,APPROVED,22 May 1931,"Drama, Horror, Romance",Archie Mayo,"Through hypnotism and telepathic mind control, a sinister music maestro controls the singing voice, but not the heart, of the woman he loves.",6.9,N/A,USA
Murder on the Orient Express,2017,PG-13,10 Nov 2017,"Crime, Drama, Mystery",Kenneth Branagh,"When a murder occurs on the train he's travelling on, celebrated detective Hercule Poirot is recruited to solve the case.",6.5,52,"Malta, USA"
Pitch Perfect 3,2017,PG-13,22 Dec 2017,"Comedy, Music",Trish Sie,"Following their win at the world championship, the now separated Bellas reunite for one last singing competition at an overseas USO tour, but face a group who uses both instruments and voices.",5.9,40,USA
Jurassic World: Fallen Kingdom,2018,PG-13,22 Jun 2018,"Action, Adventure, Sci-Fi",J.A. Bayona,"When the island's dormant volcano begins roaring to life, Owen and Claire mount a campaign to rescue the remaining dinosaurs from this extinction-level event.",6.7,51,USA
The Irishman,2019,N/A,N/A,"Biography, Crime, Drama",Martin Scorsese,A mob hitman recalls his possible involvement with the slaying of Jimmy Hoffa.,N/A,N/A,USA
Baahubali 2: The Conclusion,2017,NOT RATED,28 Apr 2017,"Action, Drama, Fantasy",S.S. Rajamouli,"When Shiva, the son of Bahubali, learns about his heritage, he begins to look for answers. His story is juxtaposed with past events that unfolded in the Mahishmati Kingdom.",8.4,N/A,India
Jesus Christ Superstar,1973,G,15 Aug 1973,"Drama, History, Musical",Norman Jewison,"Film version of the musical stage play, presenting the last few weeks of Christ's life told in an anachronistic manner.",7.3,N/A,USA
The World of Apu,1959,NOT RATED,04 Oct 1960,Drama,Satyajit Ray,This final installment in Satyajit Ray's Apu Trilogy follows Apu's life as an orphaned adult aspiring to be a writer.,8.3,N/A,India
Avengers: Age of Ultron,2015,PG-13,01 May 2015,"Action, Adventure, Sci-Fi",Joss Whedon,"When Tony Stark and Bruce Banner try to jump-start a dormant peacekeeping program called Ultron, things go horribly wrong and it's up to Earth's mightiest heroes to stop the villainous Ultron from enacting his terrible plan.",7.4,66,USA
Wish Upon,2017,PG-13,14 Jul 2017,"Fantasy, Horror, Thriller",John R. Leonetti,A teenage girl discovers a box that carries magic powers and a deadly price for using them.,5.1,32,"USA, Canada"
Jo Jeeta Wohi Sikandar,1992,PG,22 May 1992,"Comedy, Drama, Romance",Mansoor Khan,"A rich brat and a poor chap try to woo a girl, with their rivalry culminating in the most prestigious college event - the marathon cycle race.",8.2,N/A,India
You Were Never Really Here,2017,R,06 Apr 2018,"Drama, Mystery, Thriller",Lynne Ramsay,"A traumatized veteran, unafraid of violence, tracks down missing girls for a living. When a job spins out of control, Joe's nightmares overtake him as a conspiracy is uncovered leading to what may be his death trip or his awakening.",6.9,84,"UK, France"
Bombay,1995,N/A,10 Mar 1995,"Drama, Musical, Romance",Mani Ratnam,"A Hindu man and a Muslim woman fall in love in a small village and move to Mumbai, where they have two children. However, growing religious tensions and erupting riots threaten to tear the family apart.",8.1,N/A,India
The Old Dark House,1932,TV-G,20 Oct 1932,"Comedy, Horror, Thriller",James Whale,"Seeking shelter from a storm, five travelers are in for a bizarre and terrifying night when they stumble upon the Femm family estate.",7.3,N/A,USA
Blue Bloods,2010–,TV-14,24 Sep 2010,"Crime, Drama",N/A,Revolves around a family of New York cops.,7.5,N/A,USA
Romance,1930,APPROVED,26 Aug 1930,"Drama, Romance",Clarence Brown,"Young Harry is in love and wants to marry an actress, much to the displeasure of his family. Harry thinks that Bishop Armstrong knows nothing about love so Armstrong tells him the story of ...",6.0,N/A,USA
Game Night,2018,R,23 Feb 2018,"Comedy, Crime, Mystery","John Francis Daley, Jonathan Goldstein",A group of friends who meet regularly for game nights find themselves entangled in a real-life mystery.,7.0,66,USA
Saw V,2008,R,24 Oct 2008,"Horror, Mystery, Thriller",David Hackl,"Following Jigsaw's grisly demise, Mark Hoffman is commended as a hero, but Agent Strahm is suspicious, and delves into Hoffman's past. Meanwhile, another group of people are put through a series of gruesome tests.",5.8,20,"USA, Canada"
Grand Hotel,1932,NOT RATED,11 Sep 1932,"Drama, Romance",Edmund Goulding,A group of very different individuals staying at a luxurious hotel in Berlin deal with each of their respective dramas.,7.6,N/A,USA
Possessed,1931,PASSED,21 Nov 1931,"Drama, Romance",Clarence Brown,"Ambitious factory Girl Marion Martin meets a handsome well-to-do, but he's interested in her as a mistress, not a wife.",6.8,N/A,USA
Rampage,2018,PG-13,13 Apr 2018,"Action, Adventure, Sci-Fi",Brad Peyton,"When three different animals become infected with a dangerous pathogen, a primatologist and a geneticist team up to stop them from destroying Chicago.",6.3,45,USA
Deewaar,1975,N/A,01 May 1979,"Action, Crime, Drama",Yash Chopra,"Vijay struggles as a dockworker. Eventually, he becomes a leading figure of the underworld, while his younger brother, Ravi, is an educated, upright policeman. This divide causes problems in their relationship.",8.1,N/A,India
Set It Up,2018,TV-14,15 Jun 2018,"Comedy, Romance",Claire Scanlon,Two corporate executive assistants hatch a plan to match-make their two bosses.,6.6,60,USA
Incident in a Ghost Land,2018,TV-MA,22 Jun 2018,"Drama, Horror, Mystery",Pascal Laugier,"The story follows a mother of two who inherits a home from her aunt. On the first night in the new home, she is confronted with murderous intruders and fights for her daughters' lives. ...",6.4,N/A,"France, Canada"
Valerian and the City of a Thousand Planets,2017,PG-13,21 Jul 2017,"Action, Adventure, Fantasy",Luc Besson,"A dark force threatens Alpha, a vast metropolis and home to species from a thousand planets. Special operatives Valerian and Laureline must race to identify the marauding menace and safeguard not just Alpha, but the future of the universe.",6.5,51,"France, China, Belgium, Germany, United Arab Emirates, USA"
Cavalcade,1933,PASSED,15 Apr 1933,"Drama, Romance, War",Frank Lloyd,"The triumps and tragedies of two English families, the upper-crust Marryots and the working-class Bridges, from 1899 to 1933 are portrayed.",6.0,N/A,USA
Thor,2011,PG-13,06 May 2011,"Action, Adventure, Fantasy",Kenneth Branagh,"The powerful, but arrogant god Thor, is cast out of Asgard to live amongst humans in Midgard (Earth), where he soon becomes one of their finest defenders.",7.0,57,USA
Bhaag Milkha Bhaag,2013,NOT RATED,12 Jul 2013,"Biography, Drama, Sport",Rakeysh Omprakash Mehra,"The truth behind the ascension of Milkha ""The Flying Sikh"" Singh who was scarred because of the India-Pakistan partition.",8.3,N/A,India
Padman,2018,PG-13,09 Feb 2018,"Biography, Comedy, Drama",R. Balki,"Upon realizing the extent to which women are affected by their menses, a man sets out to create a sanitary pad machine and to provide inexpensive sanitary pads to the women of rural India.",8.3,N/A,India
Leatherface,2017,R,14 Sep 2017,"Horror, Thriller","Alexandre Bustillo, Julien Maury","A teenage Leatherface escapes from a mental hospital with three other inmates, kidnapping a young nurse and taking her on a road trip from hell, while being pursued by a lawman out for revenge.",5.0,40,USA
The Strangers: Prey at Night,2018,R,09 Mar 2018,Horror,Johannes Roberts,A family of four staying at a secluded mobile home park for the night are stalked and then hunted by three masked psychopaths.,5.4,48,"UK, USA"
The Darkest Minds,2018,PG-13,03 Aug 2018,"Sci-Fi, Thriller",Jennifer Yuh Nelson,"Imprisoned by an adult world that now fears everyone under 18, a group of teens form a resistance group to fight back and reclaim control of their future.",N/A,N/A,USA
Terminal,2018,N/A,11 May 2018,"Crime, Drama, Thriller",Vaughn Stein,"In the dark heart of a sprawling, anonymous city, TERMINAL follows the twisting tales of two assassins carrying out a sinister mission, a teacher battling a fatal illness, an enigmatic ...",N/A,N/A,"UK, Hong Kong, Hungary, USA, Ireland"
Saw VI,2009,R,23 Oct 2009,"Horror, Mystery, Thriller",Kevin Greutert,"Agent Strahm is dead, and FBI agent Erickson draws nearer to Hoffman. Meanwhile, a pair of insurance executives find themselves in another game set by Jigsaw.",6.0,30,"Canada, USA, UK, Australia"
Chappaquiddick,2017,PG-13,06 Apr 2018,"Drama, History, Thriller",John Curran,"Depicting Ted Kennedy's involvement in the fatal 1969 car accident that claims the life of a young campaign strategist, Mary Jo Kopechne.",6.8,67,"Sweden, USA"
"Sicario, Day of the Soldado",2018,R,29 Jun 2018,"Action, Crime, Drama",Stefano Sollima,"The drug war on the US-Mexico border has escalated as the cartels have begun trafficking terrorists across the US border. To fight the war, federal agent Matt Graver re-teams with the mercurial Alejandro.",N/A,N/A,"Italy, USA"
Baby,2015,NOT RATED,23 Jan 2015,"Action, Thriller",Neeraj Pandey,"An elite counter-intelligence unit learns of a plot, masterminded by a maniacal madman. With the clock ticking, it's up to them to track the terrorists' international tentacles and prevent them from striking at the heart of India.",8.1,N/A,India
Chained,1934,NOT RATED,31 Aug 1934,"Drama, Romance",Clarence Brown,A mistress of one man has a shipboard romance with another and is torn between both men.,5.9,N/A,USA
The Ten Commandments,1956,G,05 Oct 1956,"Adventure, Drama",Cecil B. DeMille,"The Egyptian Prince, Moses, learns of his true heritage as a Hebrew and his divine mission as the deliverer of his people.",7.9,N/A,USA
Deadpool,2016,R,12 Feb 2016,"Action, Adventure, Comedy",Tim Miller,A fast-talking mercenary with a morbid sense of humor is subjected to a rogue experiment that leaves him with accelerated healing powers and a quest for revenge.,8.0,65,USA
Omkara,2006,N/A,28 Jul 2006,"Action, Crime, Drama",Vishal Bhardwaj,A politically-minded enforcer's misguided trust in his lieutenant leads him to suspect his wife of infidelity in this adaptation of Shakespeare's 'Othello'.,8.1,N/A,India
Girls Trip,2017,R,21 Jul 2017,Comedy,Malcolm D. Lee,"When four lifelong friends travel to New Orleans for the annual Essence Festival, sisterhoods are rekindled, wild sides are rediscovered, and there's enough dancing, drinking, brawling, and romancing to make the Big Easy blush.",6.2,71,"USA, Canada"
Hindustani,1996,N/A,23 Aug 1996,"Action, Drama, Thriller",S. Shankar,A veteran freedom fighter enraged with the rising crime and corruption in the society murders all the wrong doers one by one using an ancient martial arts technique.,8.1,N/A,India
Rang De Basanti,2006,NOT RATED,26 Jan 2006,"Comedy, Drama",Rakeysh Omprakash Mehra,"The story of six young Indians who assist an English Woman to film a documentary on the extremist freedom fighters from their past, and the events that lead them to relive the long forgotten saga of freedom.",8.3,N/A,India
Wonder Woman,2017,PG-13,02 Jun 2017,"Action, Adventure, Fantasy",Patty Jenkins,"When a pilot crashes and tells of conflict in the outside world, Diana, an Amazonian warrior in training, leaves home to fight a war, discovering her full powers and true destiny.",7.5,76,"Hong Kong, China, USA"
Frankenstein,1931,NOT RATED,21 Nov 1931,"Drama, Horror, Sci-Fi",James Whale,An obsessed scientist assembles a living being from parts of exhumed corpses.,7.9,N/A,USA
Illicit,1931,UNRATED,14 Feb 1931,"Drama, Romance",Archie Mayo,"A young couple lives together out of wedlock, but they find that they're ahead of their time.",6.2,N/A,USA
Swades,2004,NOT RATED,17 Dec 2004,Drama,Ashutosh Gowariker,A successful Indian scientist returns to an Indian village to take his nanny to America with him and in the process rediscovers his roots.,8.3,N/A,India
It: Chapter Two,2019,N/A,06 Sep 2019,Horror,Andy Muschietti,"27 years later, the Losers Club have grown up and moved away, until a devastating phone call brings them back.",N/A,N/A,USA
Dumbo,2019,N/A,29 Mar 2019,"Animation, Family, Fantasy",Tim Burton,"A live-action remake of the animated Disney film, ""Dumbo"", in which a young elephant with extraordinarily large ears develops the skill to fly.",N/A,N/A,USA
Captain America: Civil War,2016,PG-13,06 May 2016,"Action, Adventure, Sci-Fi","Anthony Russo, Joe Russo",Political involvement in the Avengers' activities causes a rift between Captain America and Iron Man.,7.8,75,"USA, Germany"
Venom,2018,N/A,05 Oct 2018,"Action, Horror, Sci-Fi",Ruben Fleischer,"When Eddie Brock acquires the powers of a symbiote, he will have to release his alter-ego ""Venom"" to save his life.",N/A,N/A,USA
Disobedience,2017,R,27 Apr 2018,"Drama, Romance",Sebastián Lelio,"A woman returns to the community that shunned her for her attraction to a childhood friend. Once back, their passions reignite as they explore the boundaries of faith and sexuality.",6.8,74,"Ireland, UK, USA"
Avengers: Infinity War,2018,PG-13,27 Apr 2018,"Action, Adventure, Fantasy","Anthony Russo, Joe Russo",The Avengers and their allies must be willing to sacrifice all in an attempt to defeat the powerful Thanos before his blitz of devastation and ruin puts an end to the universe.,8.8,68,USA
Top Gun,1986,PG,16 May 1986,"Action, Drama, Romance",Tony Scott,"As students at the United States Navy's elite fighter weapons school compete to be best in the class, one daring young pilot learns a few things from a civilian instructor that are not taught in the classroom.",6.9,50,USA
My Name Is Khan,2010,PG-13,12 Feb 2010,Drama,Karan Johar,An Indian Muslim man with Asperger's syndrome takes a challenge to speak to the President of the United States seriously and embarks on a cross-country journey.,8.0,50,India
Father Figures,2017,R,22 Dec 2017,Comedy,Lawrence Sher,"Upon learning that their mother has been lying to them for years about their allegedly deceased father, two fraternal twin brothers hit the road in order to find him.",5.3,22,USA
Anniyan,2005,N/A,10 Jun 2005,"Action, Drama, Thriller",S. Shankar,"A disillusioned everyman, frustrated with the corruption he sees all around him, develops multiple personalities in order to restore justice.",8.2,N/A,India
The Avengers,2012,PG-13,04 May 2012,"Action, Adventure, Sci-Fi",Joss Whedon,Earth's mightiest heroes must come together and learn to fight as a team if they are going to stop the mischievous Loki and his alien army from enslaving humanity.,8.1,69,USA
Emma,1932,PASSED,02 Jan 1932,Drama,Clarence Brown,"After decades of raising the motherless Smith children, housekeeper Emma Thatcher is faced with resentment when she marries their father.",7.1,N/A,USA
Searching,2018,N/A,03 Aug 2018,Thriller,Aneesh Chaganty,"After his 16-year-old daughter goes missing, a desperate father breaks into her laptop to look for clues to find her.",6.8,81,USA
How to Talk to Girls at Parties,2017,R,25 May 2018,"Comedy, Music, Romance",John Cameron Mitchell,An alien touring the galaxy breaks away from her group and meets two young inhabitants of the most dangerous place in the universe: the London suburb of Croydon.,6.0,47,"UK, USA"
Pacific Rim: Uprising,2018,PG-13,23 Mar 2018,"Action, Adventure, Sci-Fi",Steven S. DeKnight,"Jake Pentecost, son of Stacker Pentecost, reunites with Mako Mori to lead a new generation of Jaeger pilots, including rival Lambert and 15-year-old hacker Amara, against a new Kaiju threat.",5.7,44,"USA, China, UK"
The Bat Whispers,1930,N/A,13 Nov 1930,"Crime, Thriller, Horror",Roland West,A master criminal terrorizes the occupants of an isolated country mansion.,6.5,N/A,USA
Peter Rabbit,2018,PG,09 Feb 2018,"Animation, Adventure, Comedy",Will Gluck,Feature adaptation of Beatrix Potter's classic tale of a rebellious rabbit trying to sneak into a farmer's vegetable garden.,6.6,51,"Australia, USA"
Secret Superstar,2017,NOT RATED,18 Oct 2017,"Drama, Family, Music",Advait Chandan,Insia is a 14 year-old from Vadodara who dreams of being a singer one day.,8.1,N/A,India
Captain Marvel,2019,N/A,08 Mar 2019,"Action, Adventure, Sci-Fi","Anna Boden, Ryan Fleck",Carol Danvers becomes one of the universe's most powerful heroes when Earth is caught in the middle of a galactic war between two alien races.,N/A,N/A,USA
Guardians of the Galaxy Vol. 2,2017,PG-13,05 May 2017,"Action, Adventure, Sci-Fi",James Gunn,The Guardians must fight to keep their newfound family together as they unravel the mystery of Peter Quill's true parentage.,7.7,67,USA
Dinner at Eight,1933,PASSED,12 Jan 1934,"Comedy, Drama",George Cukor,"Affluent Millicent and Oliver Jordan throw a dinner for a handful of wealthy and/or well-born acquaintances, each of whom has much to reveal.",7.8,N/A,USA
A Wednesday,2008,NOT RATED,05 Sep 2008,"Crime, Drama, Mystery",Neeraj Pandey,A retiring police officer reminisces about the most astounding day of his career. About a case that was never filed but continues to haunt him in his memories - the case of a man and a Wednesday.,8.2,N/A,India
Manichithrathazhu,1993,N/A,25 Dec 1993,"Comedy, Horror, Musical",Fazil,"When a forbidden room in an old bungalow is unbolted, the spirit of a vengeful dancer is unleashed.",8.9,N/A,India
Wind River,2017,R,18 Aug 2017,"Crime, Drama, Mystery",Taylor Sheridan,"A veteran tracker with the Fish and Wildlife Service helps to investigate the murder of a young Native American woman, and uses the case as a means of seeking redemption for an earlier act of irresponsibility which ended in tragedy.",7.8,73,"UK, Canada, USA"
Phantom Thread,2017,R,19 Jan 2018,"Drama, Romance",Paul Thomas Anderson,"Set in 1950's London, Reynolds Woodcock is a renowned dressmaker whose fastidious life is disrupted by a young, strong-willed woman, Alma, who becomes his muse and lover.",7.7,90,"USA, UK"
"Game Over, Man!",2018,TV-MA,23 Mar 2018,"Action, Comedy",Kyle Newacheck,Three friends are on the verge of getting their video game financed when their benefactor is taken hostage by terrorists.,5.4,32,USA
Like Stars on Earth,2007,PG,21 Dec 2007,"Drama, Family","Aamir Khan, Amole Gupte","An eight-year-old boy is thought to be a lazy trouble-maker, until the new art teacher has the patience and compassion to discover the real problem behind his struggles in school.",8.5,N/A,India
"Love, Simon",2018,PG-13,16 Mar 2018,"Comedy, Drama, Romance",Greg Berlanti,"Simon Spier keeps a huge secret from his family, his friends, and all of his classmates: he's gay. When that secret is threatened, Simon must face everyone and come to terms with his identity.",7.9,72,USA
Dilwale Dulhania Le Jayenge,1995,NOT RATED,20 Oct 1995,"Comedy, Drama, Musical",Aditya Chopra,"When Raj meets Simran in Europe, it isn't love at first sight but when Simran moves to India for an arranged marriage, love makes its presence felt.",8.2,N/A,India
"Three Billboards Outside Ebbing, Missouri",2017,R,01 Dec 2017,"Crime, Drama",Martin McDonagh,A mother personally challenges the local authorities to solve her daughter's murder when they fail to catch the culprit.,8.2,88,"UK, USA"
The Shape of Water,2017,R,22 Dec 2017,"Adventure, Drama, Fantasy",Guillermo del Toro,"At a top secret research facility in the 1960s, a lonely janitor forms a unique relationship with an amphibious creature that is being held in captivity.",7.4,87,USA
Kahaani,2012,NOT RATED,09 Mar 2012,"Mystery, Thriller",Sujoy Ghosh,"A pregnant woman's search for her missing husband takes her from London to Kolkata, but everyone she questions denies having ever met him.",8.2,N/A,India
Wonder,2017,PG,17 Nov 2017,"Drama, Family",Stephen Chbosky,"Based on the New York Times bestseller, WONDER tells the incredibly inspiring and heartwarming story of August Pullman, a boy with facial differences who enters 5th grade, attending a mainstream elementary school for the first time.",8.0,66,"USA, Hong Kong"
Get Out,2017,R,24 Feb 2017,"Horror, Mystery, Thriller",Jordan Peele,"A young African-American visits his white girlfriend's parents for the weekend, where his simmering uneasiness about their reception of him eventually reaches a boiling point.",7.7,84,"Japan, USA"
Burning Sands,2017,TV-MA,10 Mar 2017,Drama,Gerard McMurray,"Deep into Hell Week, a favored pledgee is torn between honoring his code of silence or standing up against the intensifying violence of underground hazing.",6.1,63,USA
Transformers,2007,PG-13,03 Jul 2007,"Action, Adventure, Sci-Fi",Michael Bay,"An ancient struggle between two Cybertronian races, the heroic Autobots and the evil Decepticons, comes to Earth, with a clue to the ultimate power held by a teenager.",7.1,61,USA
Paan Singh Tomar,2012,NOT RATED,02 Mar 2012,"Action, Biography, Crime",Tigmanshu Dhulia,"The story of Paan Singh Tomar, an Indian athlete and seven-time national steeplechase champion who becomes one of the most feared dacoits in Chambal Valley after his retirement.",8.2,N/A,India
Dancing Lady,1933,PASSED,24 Nov 1933,"Comedy, Musical, Romance",Robert Z. Leonard,"An attractive dancer is rescued from jail by a rich man, who helps her to have her first big opportunity at a musical play on Broadway.",6.7,N/A,USA
Black,2005,NOT RATED,04 Feb 2005,Drama,Sanjay Leela Bhansali,"The cathartic tale of a young woman who can't see, hear or talk and the teacher who brings a ray of light into her dark world.",8.2,N/A,India
Queen Christina,1933,APPROVED,09 Feb 1934,"Biography, Drama, History",Rouben Mamoulian,"Queen Christina of Sweden is a popular monarch who is loyal to her country. However, when she falls in love with a Spanish envoy, she must choose between the throne and the man she loves.",7.8,N/A,USA
Jigsaw,2017,R,27 Oct 2017,"Crime, Horror, Mystery","Michael Spierig, Peter Spierig","Bodies are turning up around the city, each having met a uniquely gruesome demise. As the investigation proceeds, evidence points to one suspect: John Kramer, the man known as Jigsaw, who has been dead for over 10 years.",5.8,39,"USA, Canada"
Sairat,2016,NOT RATED,29 Apr 2016,"Drama, Romance",Nagraj Manjule,"In interior Maharashtra, a fisherman's son and a local politician's daughter fall in love against the restrictions of caste hierarchy.",8.4,N/A,India
Hotel Artemis,2018,R,08 Jun 2018,"Action, Crime, Thriller",Drew Pearce,"Set in riot-torn, near-future Los Angeles, 'Hotel Artemis' follows the Nurse, who runs a secret, members-only emergency room for criminals.",6.3,57,"UK, USA"
Lagaan: Once Upon a Time in India,2001,PG,08 May 2002,"Adventure, Drama, Musical",Ashutosh Gowariker,The people of a small village in Victorian India stake their future on a game of cricket against their ruthless British rulers.,8.1,84,India
The Divorcee,1930,PASSED,19 Apr 1930,"Romance, Drama",Robert Z. Leonard,"When a woman discovers that her husband has been unfaithful to her, she decides to respond to his infidelities in kind.",6.9,N/A,USA
Belle of the Nineties,1934,APPROVED,21 Sep 1934,"Comedy, Drama",Leo McCarey,"Ruby Carter, the American Beauty queen of the night club-sporting world, shifts her operations from St. Louis to New Orleans (which kind of belies the Western genre designation), mostly to ...",6.6,N/A,USA
Ulidavaru Kandanthe,2014,NOT RATED,28 Mar 2014,"Comedy, Crime, Drama",Rakshit Shetty,"A journalist sets out to uncover the truth behind an incident, through the perspectives of different people, unraveling how they and their lives are intertwined with it.",8.7,N/A,India
Blockers,2018,R,06 Apr 2018,Comedy,Kay Cannon,Three parents try to stop their daughters from losing their virginity on prom night.,6.6,69,USA
Lucia,2013,NOT RATED,06 Sep 2013,"Drama, Romance, Sci-Fi",Pawan Kumar,"A man suffering from insomnia is tricked into buying a drug, Lucia, that makes his desires come true in his dreams, blurring the line between fantasy and reality.",8.4,N/A,India
Downsizing,2017,R,22 Dec 2017,"Comedy, Drama, Sci-Fi",Alexander Payne,"A social satire in which a man realizes he would have a better life if he were to shrink himself to five inches tall, allowing him to live in wealth and splendor.",5.7,63,USA
Athadu,2005,NOT RATED,10 Aug 2005,"Action, Comedy, Musical",Trivikram Srinivas,"A gunman for hire is framed for murder, and assumes a dead man's identity while hiding from the police.",8.3,N/A,India
The Titan,2018,TV-MA,30 Mar 2018,"Sci-Fi, Thriller",Lennart Ruff,A military family takes part in a ground-breaking experiment of genetic evolution and space exploration.,4.9,33,"UK, Spain, USA"
Vikram Vedha,2017,N/A,21 Jul 2017,"Action, Crime, Thriller","Gayatri, Pushkar","Vikram, a no-nonsense police officer, accompanied by Simon, his partner, is on the hunt to capture Vedha, a smuggler and a murderer. Vedha tries to change Vikram's life, which leads to a conflict.",8.9,N/A,India
Thani Oruvan,2015,NOT RATED,28 Aug 2015,"Action, Crime, Thriller",M. Raja,"Siddharth Abimanyu, an influential scientist, is involved in various illegal medical practices. Mithran, an efficient IPS officer, decides to expose him.",8.6,N/A,India
Andaz Apna Apna,1994,PG,04 Nov 1994,"Comedy, Family, Romance",Rajkumar Santoshi,"Two slackers competing for the affections of an heiress, inadvertently become her protectors from an evil criminal.",8.2,N/A,India
Manjhi: The Mountain Man,2015,TV-14,21 Aug 2015,"Adventure, Biography, Drama",Ketan Mehta,"Using only a hammer and a chisel, a man spends twenty-two years carving a road through a treacherous mountain.",8.0,N/A,India
Guardians of the Galaxy,2014,PG-13,01 Aug 2014,"Action, Adventure, Sci-Fi",James Gunn,A group of intergalactic criminals are forced to work together to stop a fanatical warrior from taking control of the universe.,8.1,76,USA
Acrimony,2018,R,30 Mar 2018,Thriller,Tyler Perry,"A faithful wife, tired of standing by her devious husband, is enraged when it becomes clear she has been betrayed.",5.0,32,USA
The Mountain Between Us,2017,PG-13,06 Oct 2017,"Action, Adventure, Drama",Hany Abu-Assad,"Stranded after a tragic plane crash, two strangers must forge a connection to survive the extreme elements of a remote snow-covered mountain. When they realize help is not coming, they embark on a perilous journey across the wilderness.",6.4,48,USA
The House with a Clock in its Walls,2018,N/A,21 Sep 2018,"Fantasy, Horror, Mystery",Eli Roth,A young orphan named Lewis Barnavelt aids his magical uncle in locating a clock with the power to bring about the end of the world.,N/A,N/A,USA
Iron Man 3,2013,PG-13,03 May 2013,"Action, Adventure, Sci-Fi",Shane Black,"When Tony Stark's world is torn apart by a formidable terrorist called the Mandarin, he starts an odyssey of rebuilding and retribution.",7.2,62,"China, USA"
Night School,2018,PG-13,28 Sep 2018,Comedy,Malcolm D. Lee,A group of troublemakers are forced to attend night school in hope that they'll pass the GED exam to finish high school.,N/A,N/A,USA
Pirates of the Caribbean: The Curse of the Black Pearl,2003,PG-13,09 Jul 2003,"Action, Adventure, Fantasy",Gore Verbinski,"Blacksmith Will Turner teams up with eccentric pirate ""Captain"" Jack Sparrow to save his love, the governor's daughter, from Jack's former pirate allies, who are now undead.",8.0,63,USA
Min and Bill,1930,PASSED,29 Nov 1930,"Comedy, Drama",George W. Hill,"Min, the owner of a dockside hotel, is forced to make difficult decisions about the future of Nancy, the young woman she took in as an infant.",7.3,N/A,USA
Hereditary,2018,R,08 Jun 2018,"Drama, Horror, Mystery",Ari Aster,"After the family matriarch passes away, a grieving family is haunted by tragic and disturbing occurrences, and begin to unravel dark secrets.",7.7,87,USA
Little Women,1933,NOT RATED,24 Nov 1933,"Drama, Family, Romance",George Cukor,"Little Women is a ""coming of age"" drama tracing the lives of four sisters: Meg, Jo, Beth and Amy. During the American Civil War, the girls father is away serving as a minister to the troops...",7.4,N/A,USA
A Quiet Place,2018,PG-13,06 Apr 2018,"Drama, Horror, Sci-Fi",John Krasinski,"In a post-apocalyptic world, a family is forced to live in silence while hiding from monsters with ultra-sensitive hearing.",7.9,82,USA
Drishyam,2013,NOT RATED,19 Dec 2013,"Crime, Drama, Thriller",Jeethu Joseph,A man goes to extreme lengths to save his family from punishment after the family commits an accidental crime.,8.8,N/A,India
She Done Him Wrong,1933,PASSED,09 Feb 1933,"Comedy, Drama, History",Lowell Sherman,"In the Gay Nineties, a seductive nightclub singer contends with several suitors, including a jealous escaped convict and a handsome temperance league member.",6.5,N/A,USA
Ankhon Dekhi,2013,N/A,21 Mar 2014,"Comedy, Drama",Rajat Kapoor,"Ankhon Dekhi centers around Raje Bauji, played by Sanjay Mishra who, after a dramatic incident, decides that he will only believe what he sees with his eyes.",8.0,N/A,India
The Hurricane Heist,2018,PG-13,09 Mar 2018,"Action, Crime, Thriller",Rob Cohen,Thieves attempt a massive heist against the U.S. Treasury as a Category 5 hurricane approaches one of its Mint facilities.,5.0,35,USA
Thor: Ragnarok,2017,PG-13,03 Nov 2017,"Action, Adventure, Comedy",Taika Waititi,"Thor is imprisoned on the planet Sakaar, and must race against time to return to Asgard and stop Ragnarök, the destruction of his world, at the hands of the powerful and ruthless villain Hela.",7.9,74,USA
The Fast and the Furious: Tokyo Drift,2006,PG-13,16 Jun 2006,"Action, Crime, Thriller",Justin Lin,A teenager becomes a major competitor in the world of drift racing after moving in with his father in Tokyo to avoid a jail sentence in America.,6.0,45,"USA, Germany, Japan"
Jaane Bhi Do Yaaro,1983,NOT RATED,12 Aug 1983,"Comedy, Drama",Kundan Shah,"Two friends, attempting to start-up their own photo studio, come across shady dealings, corruption and murder, and must fight to bring the guilty to light.",8.5,N/A,India
Creed II,2018,N/A,21 Nov 2018,"Action, Drama, Sport",Steven Caple Jr.,"Under the tutelage of Rocky Balboa, newly crowned light heavyweight champion Adonis Creed faces off against Viktor Drago, the son of Ivan Drago.",N/A,N/A,USA
Morocco,1930,PASSED,06 Dec 1930,"Drama, Romance",Josef von Sternberg,"A cabaret singer and a Legionnaire fall in love, but their relationship is complicated by the results of his womanizing and due to the appearance of a rich man who wants her for himself.",7.3,N/A,USA
Maze Runner: The Death Cure,2018,PG-13,26 Jan 2018,"Action, Sci-Fi, Thriller",Wes Ball,"Young hero Thomas embarks on a mission to find a cure for a deadly disease known as ""The Flare"".",6.3,51,USA
The Assassin's Code,2018,N/A,12 Apr 2018,Thriller,David A. Armstrong,"A rookie detective, son of a dead disgraced cop, works to solve his first major case while under the watchful eye of a ghost-like assassin.",5.7,N/A,USA
It,2017,R,08 Sep 2017,"Drama, Horror, Thriller",Andy Muschietti,"In the summer of 1989, a group of bullied kids band together to destroy a shapeshifting monster, which disguises itself as a clown and preys on the children of Derry, their small Maine town.",7.5,69,"USA, Canada"
Pirates of the Caribbean: At World's End,2007,PG-13,25 May 2007,"Action, Adventure, Fantasy",Gore Verbinski,"Captain Barbossa, Will Turner and Elizabeth Swann must sail off the edge of the map, navigate treachery and betrayal, find Jack Sparrow, and make their final alliances for one last decisive battle.",7.1,50,USA
Arjun Reddy,2017,NOT RATED,25 Aug 2017,"Action, Drama, Romance",Sandeep Reddy Vanga,"Arjun Reddy, a short tempered house surgeon gets used to drugs and drink when his girlfriend is forced to marry an other person.",8.6,N/A,India
Black Friday,2004,NOT RATED,09 Feb 2007,"Action, Crime, Drama",Anurag Kashyap,"Black Friday is a film about the investigations following the 1993 serial Bombay bomb blasts, told through the different stories of the people involved --police, conspirators, victims, middlemen.",8.6,76,India
Lage Raho Munna Bhai,2006,PG-13,01 Sep 2006,"Comedy, Drama, Fantasy",Rajkumar Hirani,Munna Bhai embarks on a journey with Mahatma Gandhi in order to fight against a corrupt property dealer.,8.1,N/A,India
Four Frightened People,1934,NOT RATED,26 Jan 1934,"Adventure, Drama",Cecil B. DeMille,"Four passengers escape their bubonic plague-infested ship and land on the coast of a wild jungle. In order to reach safety they have to trek through the jungle, facing wild animals and attacks by primitive tribesmen.",6.2,N/A,USA
All Quiet on the Western Front,1930,NOT RATED,24 Aug 1930,"Drama, War",Lewis Milestone,A young soldier faces profound disillusionment in the soul-destroying horror of World War I.,8.1,N/A,USA
Transformers: The Last Knight,2017,PG-13,21 Jun 2017,"Action, Adventure, Sci-Fi",Michael Bay,"Autobots and Decepticons are at war, with humans on the sidelines. Optimus Prime is gone. The key to saving our future lies buried in the secrets of the past, in the hidden history of Transformers on Earth.",5.2,27,"USA, China, Canada"
Ready Player One,2018,PG-13,29 Mar 2018,"Action, Adventure, Sci-Fi",Steven Spielberg,"When the creator of a virtual reality world called the OASIS dies, he releases a video in which he challenges all OASIS users to find his Easter Egg, which will give the finder his fortune.",7.8,64,USA
Iqbal,2005,NOT RATED,20 Jan 2006,"Drama, Sport",Nagesh Kukunoor,"Iqbal, the deaf and mute son of a farmer, has a passion for the game of cricket and seeks the tutelage of a washed-up, alcoholic ex-player.",8.2,N/A,India
Baby Face,1933,APPROVED,01 Dec 1933,"Drama, Romance",Alfred E. Green,"A young woman, sexually exploited all her life, decides to turn the tables and exploit the hapless men at a big city bank - by gleefully sleeping her way to the top.",7.6,N/A,USA
Rings,2017,PG-13,03 Feb 2017,"Drama, Horror",F. Javier Gutiérrez,A young woman finds herself on the receiving end of a terrifying curse that threatens to take her life in 7 days.,4.5,25,USA
Iron Man,2008,PG-13,02 May 2008,"Action, Adventure, Sci-Fi",Jon Favreau,"After being held captive in an Afghan cave, billionaire engineer Tony Stark creates a unique weaponized suit of armor to fight evil.",7.9,79,USA
Rangasthalam,2018,N/A,29 Mar 2018,"Action, Drama",Sukumar,Chitti Babu (Ram Charan) who runs a boat for his livelihood becomes the trusted person to powerful landlords fighting for supremacy in village politics and handles the situation when a villager files nomination against these landlords.,9.4,N/A,India
Spider-Man: Homecoming,2017,PG-13,07 Jul 2017,"Action, Adventure, Sci-Fi",Jon Watts,"Peter Parker balances his life as an ordinary high school student in Queens with his superhero alter-ego Spider-Man, and finds himself on the trail of a new menace prowling the skies of New York City.",7.5,73,USA
Darkest Hour,2017,PG-13,22 Dec 2017,"Biography, Drama, History",Joe Wright,"In May 1940, the fate of Western Europe hangs on British Prime Minister Winston Churchill, who must decide whether to negotiate with Adolf Hitler, or fight on knowing that it could mean a humiliating defeat for Britain and its empire.",7.4,75,"UK, USA"
The Hobbit: The Desolation of Smaug,2013,PG-13,13 Dec 2013,"Adventure, Fantasy",Peter Jackson,"The dwarves, along with Bilbo Baggins and Gandalf the Grey, continue their quest to reclaim Erebor, their homeland, from Smaug. Bilbo Baggins is in possession of a mysterious and magical ring.",7.9,66,"USA, New Zealand"
A Series of Unfortunate Events,2004,PG,17 Dec 2004,"Adventure, Comedy, Family",Brad Silberling,"When a massive fire kills their parents, three children are delivered to the custody of cousin and stage actor Count Olaf, who is secretly plotting to steal their parents' vast fortune.",6.8,62,"USA, Germany"
Solo: A Star Wars Story,2018,PG-13,25 May 2018,"Action, Adventure, Fantasy",Ron Howard,"During an adventure into the criminal underworld, Han Solo meets his future copilot Chewbacca and encounters Lando Calrissian years before joining the Rebellion.",7.2,62,USA
Blade Runner 2049,2017,R,06 Oct 2017,"Drama, Mystery, Sci-Fi",Denis Villeneuve,"A young blade runner's discovery of a long-buried secret leads him to track down former blade runner Rick Deckard, who's been missing for thirty years.",8.1,81,"USA, UK, Hungary, Canada"
3 Idiots,2009,PG-13,25 Dec 2009,"Comedy, Drama",Rajkumar Hirani,"Two friends are searching for their long lost companion. They revisit their college days and recall the memories of their friend who inspired them to think differently, even as the rest of the world called them ""idiots"".",8.4,67,India
Call Her Savage,1932,PASSED,27 Nov 1932,Drama,John Francis Dillon,"Sexy Texas gal storms her way through life, brawling and boozing until her luck runs out, forcing her to learn the errors of her ways.",7.1,N/A,USA
Anna Christie,1930,PASSED,21 Feb 1930,"Drama, Romance",Clarence Brown,"A young woman reunites with her estranged father and falls in love with a sailor, but struggles to tell them about her dark past.",6.9,N/A,USA
Ant-Man and the Wasp,2018,N/A,06 Jul 2018,"Action, Adventure, Sci-Fi",Peyton Reed,"As Scott Lang balances being both a Super Hero and a father, Hope van Dyne and Dr. Hank Pym present an urgent new mission that finds the Ant-Man fighting alongside The Wasp to uncover secrets from their past.",N/A,N/A,USA
Baasha,1995,NOT RATED,15 Jan 1995,"Action, Crime, Drama",Suresh Krishna,"An auto driver, Manikam, desperately tries to hide his dark underworld side to keep his promise to his father.",8.3,N/A,India
The Commuter,2018,PG-13,12 Jan 2018,"Action, Crime, Drama",Jaume Collet-Serra,An Insurance Salesman/Ex-Cop is caught up in a criminal conspiracy during his daily commute home.,6.3,56,"UK, France, USA"
Atomic Blonde,2017,R,28 Jul 2017,"Action, Mystery, Thriller",David Leitch,An undercover MI6 agent is sent to Berlin during the Cold War to investigate the murder of a fellow agent and recover a missing list of double agents.,6.7,63,"Germany, Sweden, USA"
Vettaiyaadu Vilaiyaadu,2006,NOT RATED,25 Aug 2006,"Action, Crime, Romance",Gautham Menon,"A Police Officer investigates a series of brutal rapes and murders, with the culprits seeming to cover more than one country.",8.0,N/A,India
A Free Soul,1931,PASSED,20 Jun 1931,"Crime, Drama, Romance",Clarence Brown,An alcoholic lawyer who successfully defended a notorious gambler on a murder charge objects when his free-spirited daughter becomes romantically involved with him.,6.7,N/A,USA
PK,2014,N/A,19 Dec 2014,"Comedy, Drama, Fantasy",Rajkumar Hirani,An alien on Earth loses the only device he can use to communicate with his spaceship. His innocent nature and child-like questions force the country to evaluate the impact of religion on its people.,8.2,N/A,India
Insidious: The Last Key,2018,PG-13,05 Jan 2018,"Horror, Mystery, Thriller",Adam Robitel,"Parapsychologist Dr. Elise Rainier faces her most fearsome and personal haunting yet, as she is drawn back to her ghostly childhood home, where the terror began.",5.7,49,"Canada, USA"
Ship of Theseus,2012,N/A,19 Jul 2013,Drama,Anand Gandhi,"The film explores questions of identity, justice, beauty, meaning and death through an experimental photographer, an ailing monk and a young stockbroker.",8.1,N/A,"India, Netherlands"
Mughal-E-Azam,1960,NOT RATED,01 Apr 2005,"Drama, Romance, War",K. Asif,A 16th century prince falls in love with a court dancer and battles with his emperor father.,8.4,N/A,India
Zindagi Na Milegi Dobara,2011,N/A,15 Jul 2011,"Adventure, Comedy, Drama",Zoya Akhtar,Three friends decide to turn their fantasy vacation into reality after one of their number becomes engaged.,8.1,N/A,India
The Ritual,2017,TV-MA,09 Feb 2018,Horror,David Bruckner,"A group of college friends reunite for a trip to the forest, but encounter a menacing presence in the woods that's stalking them.",6.3,57,UK
The Miracle Season,2018,PG,06 Apr 2018,"Drama, Sport",Sean McNamara,"After the tragic death of star volleyball player Caroline ""Line"" Found, a team of dispirited high school girls must band together under the guidance of their tough-love coach in hopes of winning the state championship.",6.2,44,USA
Shazam!,2019,N/A,05 Apr 2019,"Action, Fantasy, Sci-Fi",David F. Sandberg,A boy is given the ability to become an adult superhero in times of need with a single magic word.,N/A,N/A,USA
The Legend of Bhagat Singh,2002,NOT RATED,07 Jun 2002,"Biography, Drama, History",Rajkumar Santoshi,The story of a young revolutionary who raised an armed resistance against the British rule in India.,8.1,N/A,India
I Kill Giants,2017,NOT RATED,23 Mar 2018,"Drama, Fantasy, Thriller",Anders Walter,Barbara Thorson struggles through life by escaping into a fantasy life of magic and monsters.,6.3,74,"Belgium, UK, USA"
The Nun,2018,N/A,07 Sep 2018,"Horror, Mystery, Thriller",Corin Hardy,A priest named Father Burke is sent to Romania to investigate the mysterious death of a nun.,N/A,N/A,USA
Race 3,2018,N/A,15 Jun 2018,Action,Remo D'Souza,Revolves around a family that deals in borderline crime; ruthless and vindictive to the core.,2.7,N/A,India
Murders in the Rue Morgue,1932,UNRATED,21 Feb 1932,"Crime, Horror, Mystery",Robert Florey,"A mad scientist seeks to mingle human blood with that of an ape, and resorts to kidnapping women for his experiments.",6.4,N/A,USA
Fast Five,2011,PG-13,29 Apr 2011,"Action, Crime, Thriller",Justin Lin,Dominic Toretto and his crew of street racers plan a massive heist to buy their freedom while in the sights of a powerful Brazilian drug lord and a dangerous federal agent.,7.3,66,USA
Nayakan,1987,NOT RATED,30 Jul 1987,"Crime, Drama",Mani Ratnam,"A common man's struggles against a corrupt police force put him on the wrong side of the law. He becomes a don, who is loved and respected by many, but his growing power and influence exact a heavy toll.",8.8,N/A,India
Ghost Stories,2017,NOT RATED,20 Apr 2018,"Drama, Horror","Jeremy Dyson, Andy Nyman",Arch skeptic Professor Phillip Goodman embarks upon a terror-filled quest when he stumbles across a long-lost file containing details of three cases of inexplicable 'hauntings'.,6.8,68,UK
Hera Pheri,2000,NOT RATED,31 Mar 2000,"Action, Comedy, Crime",Priyadarshan,"Three unemployed men find the answer to all their money problems when they recieve a call from a kidnapper. However, things do not go as planned.",8.2,N/A,India
Drishyam,2015,NOT RATED,31 Jul 2015,"Crime, Drama, Mystery",Nishikant Kamat,"Desperate measures are taken by a man who tries to save his family from the dark side of the law, after they commit an unexpected crime.",8.3,N/A,India
Tomb Raider,2018,PG-13,16 Mar 2018,"Action, Adventure, Fantasy",Roar Uthaug,"Lara Croft, the fiercely independent daughter of a missing adventurer, must push herself beyond her limits when she discovers the island where her father disappeared.",6.5,48,"UK, USA"
The Hobbit: The Battle of the Five Armies,2014,PG-13,17 Dec 2014,"Adventure, Fantasy",Peter Jackson,Bilbo and company are forced to engage in a war against an array of combatants and keep the Lonely Mountain from falling into the hands of a rising darkness.,7.4,59,"New Zealand, USA"
Dangal,2016,NOT RATED,21 Dec 2016,"Action, Biography, Drama",Nitesh Tiwari,Former wrestler Mahavir Singh Phogat and his two wrestler daughters struggle towards glory at the Commonwealth Games in the face of societal oppression.,8.5,N/A,India
The Post,2017,PG-13,12 Jan 2018,"Biography, Drama, History",Steven Spielberg,A cover-up that spanned four U.S. Presidents pushed the country's first female newspaper publisher and a hard-driving editor to join an unprecedented battle between the press and the government.,7.2,83,"USA, UK"
Red Dust,1932,PASSED,22 Oct 1932,"Drama, Romance",Victor Fleming,The owner of a rubber plantation becomes involved with the new wife of one of his employees.,7.4,N/A,USA
Maqbool,2003,N/A,30 Jan 2004,"Crime, Drama",Vishal Bhardwaj,The intrigue of the Shakespearean tragedy 'Macbeth' is transposed to the Mumbai underworld.,8.2,N/A,India
Dracula,1931,NOT RATED,14 Feb 1931,"Fantasy, Horror",Tod Browning,The ancient vampire Count Dracula arrives in England and begins to prey upon the virtuous young Mina.,7.6,N/A,USA
Bangalore Days,2014,N/A,30 May 2014,"Comedy, Drama, Romance",Anjali Menon,Three cousins set out to fulfill their Bangalore dreams.,8.3,N/A,India
Johnny English Strikes Again,2018,N/A,05 Oct 2018,"Action, Adventure, Comedy",David Kerr,"After a cyber-attack reveals the identity of all of the active undercover agents in Britain, Johnny English is forced to come out of retirement to find the mastermind hacker.",N/A,N/A,"UK, France, USA"
Soodhu Kavvum,2013,NOT RATED,01 May 2013,"Comedy, Crime, Thriller",Nalan Kumarasamy,"Das, with his team, kidnap Arumai, son of a politician, who has been planning his own kidnapping to extract money from his father. Problems arise, when an insane cop is brought to handle the case.",8.5,N/A,India
It Happened One Night,1934,NOT RATED,22 Feb 1934,"Comedy, Romance",Frank Capra,A spoiled heiress running away from her family is helped by a man who is actually a reporter in need of a story.,8.1,87,USA
Gulaal,2009,N/A,13 Mar 2009,"Crime, Drama, Thriller",Anurag Kashyap,"A law student witnesses deception, homicide, and crime after being elected as General Secretary of his college.",8.1,N/A,India
What Price Hollywood?,1932,PASSED,24 Jun 1932,Drama,George Cukor,The career of a waitress takes off when she meets an amiable drunken Hollywood producer.,7.6,N/A,USA
Halloween,2018,N/A,19 Oct 2018,Horror,David Gordon Green,"Laurie Strode comes to her final confrontation with Michael Myers, the masked figure who has haunted her since she narrowly escaped his killing spree on Halloween night four decades ago.",N/A,N/A,USA
Wealth: The Influence of Affluence,2017,N/A,20 Jan 2017,Documentary,Lauren Greenfield,N/A,N/A,N/A,USA
"I, Tonya",2017,R,19 Jan 2018,"Biography, Comedy, Drama",Craig Gillespie,"Competitive ice skater Tonya Harding rises amongst the ranks at the U.S. Figure Skating Championships, but her future in the activity is thrown into doubt when her ex-husband intervenes.",7.6,77,USA
A Star Is Born,2018,R,05 Oct 2018,"Drama, Music, Musical",Bradley Cooper,"A movie star helps a young singer and actress find fame, even as age and alcoholism send his own career into a downward spiral.",N/A,N/A,USA
Unfriended: Dark Web,2018,R,20 Jul 2018,Horror,Stephen Susco,"A teen comes into possession of a new laptop and soon discovers that the previous owner is not only watching him, but will also do anything to get it back.",5.3,63,USA
A Farewell to Arms,1932,UNRATED,08 Dec 1932,"Drama, Romance, War",Frank Borzage,An American ambulance driver and an English nurse fall in love in Italy during World War I.,6.5,N/A,USA
Anand,1971,NOT RATED,12 Mar 1971,Drama,Hrishikesh Mukherjee,"The story of a terminally ill man who wishes to live life to the full before the inevitable occurs, as told by his best friend.",8.9,N/A,India
Alex Strangelove,2018,N/A,08 Jun 2018,Comedy,Craig Johnson,Alex Truelove (Daniel Doheny) is a well-rounded high school senior with a wonderful girlfriend Claire (Madeline Weinstein) and a bright future ahead of him - and with plans to achieve his ...,6.5,70,USA
Fast & Furious,2009,PG-13,03 Apr 2009,"Action, Crime, Thriller",Justin Lin,"Brian O'Conner, back working for the FBI in Los Angeles, teams up with Dominic Toretto to bring down a heroin importer by infiltrating his operation.",6.6,46,USA
Sarfarosh,1999,NOT RATED,30 Apr 1999,"Action, Adventure, Drama",John Mathew Matthan,"After his brother is killed and father severly injured by terrorists, a young med student quits his studies to join the Indian Police Service to wipe out the terrorists.",8.2,N/A,India
Red Sparrow,2018,R,02 Mar 2018,"Drama, Mystery, Thriller",Francis Lawrence,"Ballerina Dominika Egorova is recruited to 'Sparrow School,' a Russian intelligence service where she is forced to use her body as a weapon. Her first mission, targeting a C.I.A. agent, threatens to unravel the security of both nations.",6.6,53,USA
Lady Bird,2017,R,01 Dec 2017,"Comedy, Drama",Greta Gerwig,"In 2002, an artistically inclined seventeen-year-old girl comes of age in Sacramento, California.",7.5,94,USA
A Peck on the Cheek,2002,NOT RATED,14 Feb 2002,"Drama, War",Mani Ratnam,"A little girl is told by her parents that she is adopted. Determined to find her birth mother, she begs to be taken to Sri Lanka, where her mother works with a militant group of activists.",8.5,N/A,India
